about,id,last_post,name,post_count,reputation,reward_vesting_bal,reward_vesting_steem,sbd_balance,voting_power,dom_pic_emotion,votes,polarity,subjectivity
,154475,2017-05-12T05:29:51,aadyashakti,6,18646204,0.000000 VESTS,0.000 STEEM,0.000 SBD,9950,unknown,0.0,0.78,1.0
creative guy who is always looking for ways to improve the economy.,154696,2017-05-12T00:29:36,aaronbaird39,13,2310272361,0.000000 VESTS,0.000 STEEM,0.000 SBD,9950,unknown,1.0,0.0,0.0
"hey folks! here you can find cool stuffs about hacking and technology. This profile is newly created, so do follow and upvote. THANKYOU!",139619,2017-05-13T04:29:18,aashishkandel,236,572140363989,0.000000 VESTS,0.000 STEEM,3.501 SBD,8894,unknown,1.2,0.259444444444,0.594722222222
,85653,2017-05-13T08:21:39,abudar,666,29611568438003,0.000000 VESTS,0.000 STEEM,0.000 SBD,5905,unknown,0.0,0.6,1.0
,25608,2017-05-13T13:28:45,ace108,12374,115922809241084,16.593602 VESTS,0.008 STEEM,163.902 SBD,4418,unknown,2.0,0.25,0.5
"Curator, Alt-coin enthusiast, I like to comment on stuff",9562,2017-05-13T06:22:45,acidyo,6167,120930888207945,6158.327746 VESTS,2.969 STEEM,0.008 SBD,6249,unknown,7.59090909091,0.316566950046,0.499171299461
Blockchain Enthusiast,135764,2017-05-13T11:30:30,ackza,712,3610536727406,0.000000 VESTS,0.000 STEEM,1.002 SBD,7474,unknown,1.0,0.426314484127,0.643601190476
"Curious about everything. Science, Electronics, Technology, Justice, Truth,  Honesty, Philosophy, Photography, Fishing, Nature, Art, and most important Rats!",153694,2017-05-13T13:31:03,acwood,66,51769604751,0.000000 VESTS,0.000 STEEM,0.000 SBD,9950,unknown,0.0,0.525,0.7875
DONATE @ https://www.patreon.com/TrueNorthEnterprises & BiTCOiN @ 1C6nJwiruECc68YQvf4n8phr7jG3ZwZeX5,126520,2017-05-12T17:32:42,adamcubbage,7,20794600709,977.189268 VESTS,0.471 STEEM,0.000 SBD,9604,unknown,2.0,1.0,0.75
"Australian Blues Musician, and Cryptocurrency Trader",150507,2017-05-13T12:17:21,adamhole,62,904001592927,0.000000 VESTS,0.000 STEEM,0.000 SBD,9881,unknown,1.0,-0.7,0.666666666667
Let's do some business. You follow me I follow you‚úå,153684,2017-05-12T16:20:27,addicted7abinash,34,74155111791,0.000000 VESTS,0.000 STEEM,0.000 SBD,9950,unknown,1.0,0.275,0.8
‚Ä¢Champion tea drinker‚Ä¢Tree hugger ‚Ä¢Bookworm‚Ä¢Bowie forever‚Ä¢Be good,155291,2017-05-13T09:08:30,adrianobalan,115,123642797182,0.000000 VESTS,0.000 STEEM,0.000 SBD,9068,unknown,1.0,1.0,0.875
,142339,2017-05-12T04:28:00,adroitful,37,188466347099,0.000000 VESTS,0.000 STEEM,0.008 SBD,9749,unknown,1.0,0.90625,0.825
"Passionate advocate for Peace, Abundance, and Liberty.  Blogs about news, government, politics, corruption, state violence, and hard truth.",54169,2017-05-13T12:52:39,aggroed,725,36068704065967,10.371007 VESTS,0.005 STEEM,576.507 SBD,3583,unknown,2.75,0.2875,0.275
"My names Kyle, I am an anarchist, agorist, and Police Accountability activist. I also love marijuana, and freedom. If you feel the same, follow me &lt;3",157200,2017-05-13T00:51:51,agorisms,13,4279146146,0.000000 VESTS,0.000 STEEM,0.000 SBD,9710,unknown,0.0,0.25,1.0
Games,124687,2017-05-13T11:29:12,akiyoshi,126,764056578102,0.000000 VESTS,0.000 STEEM,0.000 SBD,6676,unknown,2.33333333333,0.487611111111,0.566861111111
Linux Server Admin; Programmer,154294,2017-05-13T01:53:57,alexcodes,4,97734368559,0.000000 VESTS,0.000 STEEM,0.000 SBD,9950,unknown,3.0,-0.9375,1.0
,118042,2017-05-12T16:36:21,alfarisi,237,17993726637410,2.074252 VESTS,0.001 STEEM,0.202 SBD,9950,unknown,0.333333333333,0.736805555556,0.905555555556
i am a photographer . i click a lot of pictures . photography is a skill.. i have nature etc clicks,149862,2017-05-13T13:21:36,ali7119889,85,192430467990,0.000000 VESTS,0.000 STEEM,0.502 SBD,9901,unknown,0.0,1.0,0.65
Environmental and ephemeral art ~ My processes.   ,22381,2017-05-12T11:26:06,allyinspirit,222,1886164143186,0.000000 VESTS,0.000 STEEM,0.000 SBD,9564,unknown,1.0,0.31875,0.565625
"An space communism with science - IWAW (Intergalactic Workers of All Worlds) - SteemSTEM -‚ÄúThe liberation of the workers is the duty of the workers themselves,‚Äù",44631,2017-05-13T12:20:57,anarchyhasnogods,1388,47646517471472,0.000000 VESTS,0.000 STEEM,0.156 SBD,9950,unknown,0.0,0.24375,0.4875
,152062,2017-05-13T11:51:12,andersokohler,7,6182032877,0.000000 VESTS,0.000 STEEM,0.000 SBD,9917,unknown,0.0,0.0,1.0
,11721,2017-05-12T20:06:03,andrarchy,1168,97335227956486,2877.069885 VESTS,1.387 STEEM,0.180 SBD,9684,neutral,39.75,0.283920505872,0.471477698002
"Content, stories, code. Outsourcing Guru and Technology fanatic. steem.ly. Previously known as @anduweb",10464,2017-05-12T15:49:33,andu,863,4886029711504,0.000000 VESTS,0.000 STEEM,0.085 SBD,8345,unknown,1.0,0.276361268939,0.365340909091
lFLoNj  = 3% off on genesis-mining,106151,2017-05-13T06:37:42,andytherbg,253,81383006739,0.000000 VESTS,0.000 STEEM,0.113 SBD,9950,unknown,0.0,0.3,0.55
,19404,2017-05-12T14:08:42,arcange,873,24745061514781,450.103257 VESTS,0.217 STEEM,37.302 SBD,9956,unknown,1.5,0.0,0.1
,156939,2017-05-13T08:06:09,ariafliandi,4,1598275421,0.000000 VESTS,0.000 STEEM,0.000 SBD,9851,unknown,1.0,0.6,0.8
,105206,2017-05-11T17:23:00,arjunmartavela,104,3921043417341,0.000000 VESTS,0.000 STEEM,0.385 SBD,8902,unknown,0.0,0.7,0.6
"Was a drifter, leading nowhere, but found identity in Christ. Now a family man, loving husband and father. Spend most of waking hours in front of the computer .",156883,2017-05-13T11:47:03,arnel,10,1837527929,0.000000 VESTS,0.000 STEEM,0.000 SBD,9694,unknown,0.0,-0.00482954545455,0.166193181818
,10080,1970-01-01T00:00:00,artem,0,0,0.000000 VESTS,0.000 STEEM,0.000 SBD,10000,unknown,,,
,157023,2017-05-13T13:13:24,artemisia,8,4916575894,0.000000 VESTS,0.000 STEEM,0.000 SBD,9953,unknown,0.0,0.0,0.0
,98497,2017-05-12T21:28:36,asdeoros,4,556178109,0.000000 VESTS,0.000 STEEM,0.000 SBD,9950,unknown,0.0,0.0,0.0
,115956,1970-01-01T00:00:00,ats,0,0,0.000000 VESTS,0.000 STEEM,0.000 SBD,9950,unknown,,,
,85538,1970-01-01T00:00:00,aunt,0,0,0.000000 VESTS,0.000 STEEM,0.000 SBD,10000,unknown,,,
"Student & Teacher of Yoga. Writer. Storyteller. Just another human, being. Embracing the messiness & magic, rooted and rising. ",151188,2017-05-13T05:29:51,auroralyrayoga,56,477975532551,0.000000 VESTS,0.000 STEEM,0.000 SBD,9850,unknown,0.5,0.198295454545,0.294318181818
"""People who shut their eyes to reality simply invite their own destruction."" ‚Äî James Baldwin",16662,2017-05-13T09:37:42,ausbitbank,3084,136821222312854,18954.071982 VESTS,9.138 STEEM,2.616 SBD,9180,unknown,13.0,0.0,0.0
,124262,2017-05-13T03:00:54,automaton,474,705801610903,2.074200 VESTS,0.001 STEEM,0.000 SBD,6775,unknown,2.0,0.29154040404,0.471464646465
,134112,2017-05-13T09:23:51,azfix,1450,13117649700921,4.148403 VESTS,0.002 STEEM,41.855 SBD,9955,unknown,4.0,0.0880753968254,0.520529100529
,21747,2017-05-13T12:46:48,azurejasper,964,9491613748267,2.074201 VESTS,0.001 STEEM,39.218 SBD,9929,unknown,3.33333333333,0.1,0.45
24 yo bi-curious girl. I love to show you me and my world!,140557,2017-05-12T15:05:06,azzurra92,420,6260196966362,2.074201 VESTS,0.001 STEEM,0.679 SBD,7857,unknown,1.5,0.184375,0.243055555556
,156831,2017-05-13T06:27:54,ba531,6,19686360886,0.000000 VESTS,0.000 STEEM,0.000 SBD,9563,unknown,2.0,1.0,0.9
,14545,2017-05-13T04:29:33,bacchist,1539,78400741862953,607.750935 VESTS,0.293 STEEM,0.000 SBD,7676,unknown,1.0,0.125,0.25
Cryptocurrency miner,156398,2017-05-13T09:05:09,balajis,24,90444689066,0.000000 VESTS,0.000 STEEM,0.000 SBD,9244,unknown,2.0,0.359090909091,0.563636363636
REALTOR since 1991 / Land Use + Planning Consulting  / Past City Council Candidate.  #Liberty #Crypto #Bitcoin #Blockchain #Bushcraft enthusiast ,49837,2017-05-13T06:29:27,barrydutton,10451,108852676392089,2746.290896 VESTS,1.324 STEEM,0.000 SBD,4586,unknown,2.83333333333,0.283941798942,0.372352292769
"Photographer, Artist, Philosopher, Teacher & Investor.",138295,2017-05-13T11:57:54,bart2305,1057,3197133057131,16.593600 VESTS,0.008 STEEM,0.000 SBD,4325,unknown,1.0,0.625,0.944444444444
My story,122568,2017-05-13T12:47:30,barvon,1553,14580328378678,4434.654310 VESTS,2.138 STEEM,6.788 SBD,1658,unknown,1.125,0.504166666667,0.553125
Im a curious and enthusiastic person i write about various subjects,119214,2017-05-13T13:32:15,bbkoopsta,462,1197263367348,0.000000 VESTS,0.000 STEEM,20.000 SBD,2460,unknown,1.5,0.175,0.3
V.üç©.T.U. pirate Queen,26396,2017-05-12T19:44:30,beanz,2486,47731367456617,114.106197 VESTS,0.055 STEEM,0.000 SBD,9950,unknown,0.0,0.7,0.85
"Aerospace engineer, cryptocurrency enthusiast and trader",156406,2017-05-13T12:46:39,beltane,30,31682332304,0.000000 VESTS,0.000 STEEM,0.000 SBD,9910,unknown,1.0,0.875,0.6
,340,2017-05-13T12:40:45,berniesanders,776,29155431158608,1302.610073 VESTS,0.628 STEEM,134.962 SBD,8417,unknown,8.0,0.275,0.375
"Lover of music, life, and protective of the animals #AnimalRescue",58343,2017-05-13T12:50:18,betamusic,916,63463110504666,58.077822 VESTS,0.028 STEEM,0.000 SBD,5702,unknown,2.0,0.0,0.0
Ever Better Life Music  Story ,132675,2017-05-12T20:26:36,bilbop,579,1021094581065,0.000000 VESTS,0.000 STEEM,4.887 SBD,9515,unknown,0.5,0.62,0.645833333333
A p2p video streaming social network,124166,2017-05-12T10:01:00,bitchute,2,99195446204,0.000000 VESTS,0.000 STEEM,0.000 SBD,9434,unknown,16.0,0.316526610644,0.630929038282
We Dream Alone While We Sleep.  We Dream Together While We Wake.,152614,2017-05-13T10:52:12,bitcoinsky,12,38564873666,0.000000 VESTS,0.000 STEEM,0.000 SBD,9770,unknown,0.0,1.0,1.0
,157778,2017-05-13T02:57:30,bivins1,2,12042551627,0.000000 VESTS,0.000 STEEM,0.000 SBD,10000,unknown,1.0,0.0,0.0
"Father,Husband, Crypto enthusiast, direct investor, business owner, waiting for the positive singularity",151530,2017-05-13T03:52:09,blackvapor,89,110101407351,0.000000 VESTS,0.000 STEEM,0.490 SBD,6969,unknown,1.0,0.0,0.0
"Female Gen Y Internetaddict, interested in all kind of SmartMoney, Animals, Photography, Literature and Music",134123,2017-05-13T10:42:03,blackwidow7,96,213150961039,0.000000 VESTS,0.000 STEEM,0.075 SBD,8726,unknown,0.0,0.44,0.75
may the steem be with you,8743,2017-05-13T10:03:57,bleepcoin,647,25992261664368,400.333915 VESTS,0.193 STEEM,6.535 SBD,9609,unknown,0.666666666667,0.257638888889,0.572696208113
,87855,2017-05-13T11:04:27,bleujay,3893,25721114478366,819.309548 VESTS,0.395 STEEM,34.197 SBD,9067,unknown,19.0,0.5,0.55
"blockchain enthusiast, german, traveller , freelancer, project manager",131265,2017-05-13T10:01:03,blocklab,355,4106659201671,72.597035 VESTS,0.035 STEEM,0.645 SBD,9685,unknown,0.375,0.236458333333,0.415972222222
Adding Value. Studying The World. Craft Beer. Laughing With Cool People.,156864,2017-05-13T00:56:51,boomerangbread,1,0,0.000000 VESTS,0.000 STEEM,0.000 SBD,9950,unknown,0.0,0.375,0.466666666667
,149918,2017-05-12T09:01:06,brackf2,38,345180405565,0.000000 VESTS,0.000 STEEM,0.000 SBD,9950,unknown,1.0,0.05,0.5
,139595,2017-05-13T12:44:42,breakingtonight,726,3067212841393,0.000000 VESTS,0.000 STEEM,7.438 SBD,9905,unknown,0.333333333333,0.731770833333,0.866666666667
,106934,2017-05-13T08:54:18,breezin,2757,43633392360879,3163.169738 VESTS,1.525 STEEM,3.651 SBD,1248,unknown,0.0,0.625,0.6
,152912,2017-05-13T05:10:27,brentwilbur,15,27179770467,0.000000 VESTS,0.000 STEEM,0.000 SBD,9950,unknown,0.0,0.137222222222,0.655987654321
CryptoInvestor. Follow  He Always Follows Back.,144695,2017-05-13T11:10:39,brianadams,209,218575098206,0.000000 VESTS,0.000 STEEM,0.841 SBD,9855,unknown,0.2,0.0688214285714,0.406571428571
"I'm into sports, computers, travel, business, and space exploration. Please follow my blog to find out more about me!",25785,2017-05-13T05:49:36,brianphobos,2633,31707602913673,49.781163 VESTS,0.024 STEEM,14.063 SBD,7869,unknown,1.0,0.225,0.358333333333
,151881,2017-05-12T16:16:06,brooklynaf,2,10273705274,0.000000 VESTS,0.000 STEEM,0.000 SBD,9950,unknown,2.0,0.375,0.5
,2151,1970-01-01T00:00:00,bryan,0,0,0.000000 VESTS,0.000 STEEM,0.000 SBD,10000,unknown,,,
Writing about my Bitcoin Millionaire Journey!,146942,2017-05-13T13:16:12,btcmillionaire,188,372665716079,0.000000 VESTS,0.000 STEEM,0.000 SBD,7143,unknown,5.0,0.5,1.0
,103378,2017-05-12T20:50:54,bugavi,1082,29458105282682,49.781266 VESTS,0.024 STEEM,44.097 SBD,9556,unknown,0.5,0.347222222222,0.288888888889
Peace.Liberty.Justice. Also love me some silver,156255,2017-05-13T05:22:24,bullionaire,42,71904475265,0.000000 VESTS,0.000 STEEM,0.000 SBD,6093,unknown,0.5,0.1828125,0.473611111111
,26943,2017-05-13T05:41:27,bullionstackers,5122,81700788918788,61142.956817 VESTS,29.477 STEEM,198.886 SBD,6078,unknown,4.0,1.0,1.0
,12683,2017-05-13T10:40:24,business,645,9125492038339,31.115058 VESTS,0.015 STEEM,0.000 SBD,9950,unknown,0.0,0.0,0.0
Business,138274,2017-05-13T13:05:45,businesswri,1129,2760801003932,4.148402 VESTS,0.002 STEEM,0.000 SBD,3572,unknown,3.0,0.366666666667,0.655555555556
,37716,1970-01-01T00:00:00,busy,0,0,0.000000 VESTS,0.000 STEEM,0.000 SBD,9950,unknown,,,
Hello! Join the supportive community at Discord channel: https://discord.gg/2rmtwGy AND https://discordapp.com/invite/w4sdqkS,133285,2017-05-13T10:32:24,buzzbeergeek,1543,12847134323897,3229.581922 VESTS,1.557 STEEM,25.879 SBD,6342,unknown,1.75,0.140438988095,0.641282242063
,153045,2017-05-11T15:53:57,calmhands,9,73891457490,0.000000 VESTS,0.000 STEEM,0.000 SBD,9656,unknown,4.0,0.25375,0.486666666667
,152939,2017-05-12T20:39:51,carmine,54,88830143001,0.000000 VESTS,0.000 STEEM,0.000 SBD,9950,unknown,1.0,0.12,0.14
"""thirds rule strategy"" GOOGLE SEARCH",129163,2017-05-13T08:13:48,cassidyandfranks,2618,9080648205033,155.567845 VESTS,0.075 STEEM,4.084 SBD,2357,unknown,0.0,0.4,0.4
,156228,2017-05-11T15:04:33,casualcash,1,2391607684,0.000000 VESTS,0.000 STEEM,0.000 SBD,10000,unknown,1.0,0.0,1.0
,155583,2017-05-13T05:25:27,cherrygirl04,9,330295082590,0.000000 VESTS,0.000 STEEM,0.000 SBD,9822,unknown,59.75,0.085597267316,0.565455586081
,41644,2017-05-13T07:48:24,chinadaily,870,208008513496990,317.353881 VESTS,0.153 STEEM,38.451 SBD,6241,unknown,1.0,0.75,1.0
,152123,2017-05-12T14:47:48,choops,8,2802596860,0.000000 VESTS,0.000 STEEM,0.000 SBD,9834,unknown,1.5,0.0663636363636,0.166212121212
Solar coach,53234,2017-05-13T08:24:18,chrisaiki,873,4475903555595,136.898527 VESTS,0.066 STEEM,9.027 SBD,9950,unknown,1.0,0.0,0.0
,154069,2017-05-13T09:05:15,chrisstigson,13,601694982,0.000000 VESTS,0.000 STEEM,0.000 SBD,9869,unknown,0.0,-0.05,0.95
"Love, traveling, exploring, educating, learning, light",13101,2017-05-12T12:02:12,christoryan,1409,3118916261837,47.708167 VESTS,0.023 STEEM,0.288 SBD,9996,unknown,0.666666666667,0.355333333333,0.575185185185
,156328,2017-05-13T11:21:09,ciz,4,914165053,0.000000 VESTS,0.000 STEEM,0.000 SBD,9950,unknown,1.0,0.425,0.69375
,6990,2017-05-12T21:42:36,clains,710,61535813488904,236211.856719 VESTS,113.871 STEEM,0.000 SBD,9950,unknown,2.0,0.0,0.0
Just here expanding my consciousness and making fun of myself and everyone else.,73996,2017-05-13T08:54:21,clayboyn,1684,21041091295484,707.307444 VESTS,0.341 STEEM,0.049 SBD,3513,unknown,0.625,0.191145833333,0.54375
,153841,2017-05-13T09:34:18,cnsaad,5,18646220,0.000000 VESTS,0.000 STEEM,0.000 SBD,9763,unknown,1.0,0.0,0.0
,154505,2017-05-13T03:36:12,colloidy,1,0,0.000000 VESTS,0.000 STEEM,0.000 SBD,9950,unknown,0.0,0.0,0.0
,121425,1970-01-01T00:00:00,common,0,0,0.000000 VESTS,0.000 STEEM,0.000 SBD,9950,unknown,,,
,152643,2017-05-11T21:13:09,contentguy,8,7211231320,0.000000 VESTS,0.000 STEEM,0.000 SBD,4119,unknown,0.0,0.4375,0.65
,50663,2017-05-13T05:21:48,contentjunkie,1862,55236094502690,0.000000 VESTS,0.000 STEEM,0.244 SBD,7921,unknown,1.0,0.166666666667,0.833333333333
Outdoor Enthusiast and Creative Thinker,68611,2017-05-13T11:38:18,countryinspired,2807,61300144747720,230.237837 VESTS,0.111 STEEM,7.424 SBD,9592,unknown,0.0,0.0,0.333333333333
"&gt; ""Jesus is GOD"" - Surfing Anarchist Generalist Inventor &lt; ‚¨áÔ∏èCheck My Table of Contents at the Center Link Below‚¨áÔ∏è",48778,2017-05-13T06:30:36,creatr,3708,76943978409574,82.969027 VESTS,0.040 STEEM,11.434 SBD,6941,unknown,2.4,0.358939393939,0.624363636364
I caught Bitcoin fever in 2013. Never looked back.,17037,2017-05-13T04:15:30,cryptobarry,1308,4821465605138,0.000000 VESTS,0.000 STEEM,2.584 SBD,9652,unknown,0.0,-0.0833333333333,0.216666666667
I love cats,121824,2017-05-13T11:58:18,cryptocash,2303,13301215491651,0.000000 VESTS,0.000 STEEM,5.229 SBD,1934,unknown,3.4,0.55,1.0
"Renaissance Man, Marketing Strategist, Coffee Lover, Early Adopter of Steemit",9324,2017-05-12T17:57:12,cryptoctopus,1810,161592149104894,1999.529745 VESTS,0.964 STEEM,0.847 SBD,9879,neutral,49.3333333333,0.112094601215,0.245882324123
üíªü§∏üçú,10125,2017-05-12T22:53:30,cryptofunk,980,11892369918101,402.402606 VESTS,0.194 STEEM,5.302 SBD,3598,unknown,0.0,0.25,0.333333333333
"Youtube Show on Cryptocurrency,bitcoin and THE FUTURE",144090,2017-05-12T16:15:00,cryptokingz,53,2563595696440,0.000000 VESTS,0.000 STEEM,2.841 SBD,9950,unknown,1.0,0.65,0.65
,157563,2017-05-13T06:37:09,cryptoreport,2,56601530,0.000000 VESTS,0.000 STEEM,0.000 SBD,9912,unknown,0.0,0.35,0.3
"""To live is the rarest thing in the world. Most people just exist."" - Oscar Wilde",103484,2017-05-12T19:15:33,daisyd,558,29708583668277,4069.599425 VESTS,1.962 STEEM,12.853 SBD,9900,unknown,0.666666666667,0.195219198791,0.538340891912
,2641,1970-01-01T00:00:00,dana,0,0,0.000000 VESTS,0.000 STEEM,0.000 SBD,10000,unknown,,,
"Artist, Musician, blade smith, Bees Wax Candle maker, Vlogger",131510,2017-05-13T09:34:54,danielownsall,427,6545451248944,0.000000 VESTS,0.000 STEEM,1.190 SBD,9375,unknown,0.0,-0.0625,0.6
Retired Army Combat Veteran investing in the future,151776,2017-05-13T04:10:03,darkwarshadow,12,68491753040,0.000000 VESTS,0.000 STEEM,0.000 SBD,8463,unknown,2.0,0.475,0.7
,152199,2017-05-13T09:45:06,dasczecher,121,48249055927,0.000000 VESTS,0.000 STEEM,0.000 SBD,9950,unknown,0.5,0.158067602041,0.351530612245
Crypto equity investor - join me on my yourney to be location independent,152506,2017-05-13T13:03:51,dawidrams,160,785426886388,0.000000 VESTS,0.000 STEEM,0.000 SBD,6642,unknown,0.2,0.0566666666667,0.113333333333
,153410,2017-05-13T04:24:33,dbsven,7,9893438090,0.000000 VESTS,0.000 STEEM,0.000 SBD,9932,unknown,2.0,0.466666666667,0.733333333333
"Creativity, writing, photography, and anything else fun and odd and exciting and not necessarily  succinct",106828,2017-05-13T01:17:15,ddschteinn,1689,15198654982576,125824.791540 VESTS,60.618 STEEM,14.999 SBD,5349,unknown,0.5,0.1,0.533333333333
,141713,2017-05-12T11:02:42,decentral,114,947207405198,0.000000 VESTS,0.000 STEEM,0.000 SBD,9917,unknown,0.0,0.55,1.0
"If you feel that my posts have been overrewarded, feel free to downvote. I shan't complain.",19464,2017-05-13T11:20:36,demotruk,2886,21801647730302,7284.603364 VESTS,3.512 STEEM,0.000 SBD,8940,unknown,1.2,0.15496031746,0.429920634921
"Danish national living in the US Pacific Northwest; Writer, Artist, HSP, Husband, Entrepreneur, Cat Lover",129957,2017-05-13T03:02:54,denmarkguy,2671,47234076747465,99.562800 VESTS,0.048 STEEM,51.380 SBD,9920,unknown,4.5,0.128977272727,0.307954545455
"Trying to make sense of the world around me.  Dealing with money, living, lifestyle, hobbies and interests.",153957,2017-05-13T11:57:45,digestingreality,57,38359429046,0.000000 VESTS,0.000 STEEM,0.000 SBD,9543,unknown,1.0,0.494659090909,0.538333333333
" Cryptocurrency Advocate, Cryptography enthusiast, Dedicated Steemit Blogger",133465,2017-05-13T02:50:00,digicrypt,1038,7446004208606,22.816714 VESTS,0.011 STEEM,0.878 SBD,9819,unknown,1.0,0.510795454545,0.675568181818
Life as we see and live it and our ways and posibilities to create the Art of Life,146958,2017-05-13T11:22:24,dimarss,363,1032330464530,904.375201 VESTS,0.436 STEEM,7.575 SBD,4140,unknown,1.5,0.48203125,0.461458333333
"Discussions of the economy, monetary policy, and all manner of investment in the age of the Deformation.",157326,2017-05-13T06:47:30,dividends,6,9603442280,0.000000 VESTS,0.000 STEEM,0.000 SBD,9950,unknown,0.0,0.195089285714,0.566964285714
,157803,2017-05-13T03:20:15,dll,5,3066683487,0.000000 VESTS,0.000 STEEM,0.000 SBD,9900,unknown,0.4,0.0988888888889,0.132222222222
,57359,2017-05-13T08:45:24,doitvoluntarily,9621,330183931073536,0.000000 VESTS,0.000 STEEM,0.020 SBD,2584,unknown,1.33333333333,0.1,0.266666666667
"Author, content curator, mentor",6551,2017-05-13T05:52:03,donkeypong,2039,195020959998880,10702.952191 VESTS,5.160 STEEM,14.797 SBD,7046,unknown,23.3125,0.28831565882,0.436994665404
Grumpy Old Coot,118712,2017-05-13T05:58:42,dragon40,1132,3972682679103,0.000000 VESTS,0.000 STEEM,0.000 SBD,9573,unknown,1.5,0.1,0.1
,145187,2017-04-13T03:42:12,dre,1,53688323288,5166.988814 VESTS,2.488 STEEM,0.000 SBD,9950,unknown,,,
Happy Happy Happy ,129615,2017-05-13T05:19:18,dreamland,226,179755006375,0.000000 VESTS,0.000 STEEM,0.000 SBD,9853,unknown,0.5,0.483333333333,0.541666666667
"Emerged from the rabbit hole:  Love Everyone, Laugh Often, Dream Big...CREATE",114040,2017-05-13T04:10:57,dreemit,5039,60705840030965,43232.170341 VESTS,20.842 STEEM,12.177 SBD,9950,unknown,0.5,0.24099702381,0.579464285714
Steem was not built in a day ‚ô¨,62891,2017-05-13T06:52:00,dubi,602,1903688093850,2061.765665 VESTS,0.994 STEEM,0.000 SBD,4731,unknown,0.0,0.0,0.0
"Network Engineer, Game Developer, Musician, Anarcho-Capitalist, Father, Grandfather, Human",17854,2017-05-13T06:11:27,dwinblood,6131,174893990207461,1561.881612 VESTS,0.753 STEEM,0.095 SBD,7433,unknown,1.4,0.339,0.392888888889
,101340,2017-05-13T01:56:45,ebryans,2882,40019542902896,406.550151 VESTS,0.196 STEEM,167.760 SBD,6406,unknown,2.0,-0.0378787878788,0.601515151515
I'm Polish guy living in Panama,152378,2017-05-13T12:04:30,edekadam,38,99065256869,0.000000 VESTS,0.000 STEEM,0.000 SBD,9119,unknown,0.0,0.0,0.0
Artist. Illustrator.  I create unique hand made Charcoal Art.,60405,2017-05-13T04:11:15,edgarsart,1133,115490410969396,408.624118 VESTS,0.197 STEEM,0.941 SBD,6270,unknown,109.0,0.108333116883,0.411877056277
Curious by Nature,120313,2017-05-13T13:25:24,edje,2411,26317100445500,7535.672854 VESTS,3.633 STEEM,20.539 SBD,8785,unknown,0.666666666667,0.140740740741,0.714814814815
One who love the Lord Jesus Christ as Lord and Savior  and is not ashamed of the Cross and to be called son of God and one of His brethren,157861,2017-05-13T10:19:48,edmondchee,10,5134779108,0.000000 VESTS,0.000 STEEM,0.000 SBD,9763,unknown,0.0,0.0,0.5
,139141,2017-05-12T18:16:24,edubai,23,138906395808,0.000000 VESTS,0.000 STEEM,0.000 SBD,9995,unknown,2.0,0.0,0.0
"Sharing that Experience with Love and Fun. With ""Amazing"" Microsoft Paint Skills",154239,2017-05-13T11:16:42,eggcasual,29,48985921723,0.000000 VESTS,0.000 STEEM,0.000 SBD,9914,unknown,1.0,0.875,0.6
lawyer who helps people plan ahead,151379,2017-05-12T19:56:12,eightyyroldself,56,106593493669,0.000000 VESTS,0.000 STEEM,0.000 SBD,9708,unknown,0.5,0.125,0.125
Graphic designer - Entrepreneur - Cryptocurrency enthusiast. I try to learn new things daily. Wine lover. I do posts about everything I like.,141166,2017-05-13T11:34:42,eirik,483,2616452217421,1559.829403 VESTS,0.752 STEEM,33.060 SBD,9797,unknown,6.33333333333,0.195238095238,0.384920634921
Busy CEO & Business developer,33907,2017-05-13T02:57:45,ekitcho,567,8279906741210,4542.668516 VESTS,2.190 STEEM,0.351 SBD,9998,unknown,1.8,0.227777777778,0.382222222222
"Writer, artist, singer...",134152,2017-05-13T12:55:51,elementm,543,4466725172148,6.222607 VESTS,0.003 STEEM,42.022 SBD,9612,unknown,2.0,0.0,0.0
,137261,2017-05-13T13:27:42,elenka,234,2488926329307,0.000000 VESTS,0.000 STEEM,0.815 SBD,6482,unknown,0.0,0.578125,0.25
,106383,2017-05-12T18:52:09,elishagautam,82,1159545052768,2163.799818 VESTS,1.043 STEEM,0.014 SBD,8062,unknown,0.0,0.8125,0.975
,142764,2017-05-13T04:44:39,emonandels,28,58380999395,0.000000 VESTS,0.000 STEEM,0.000 SBD,8958,unknown,0.0,0.05,0.5
,49598,2017-05-12T23:20:42,englishtchrivy,8381,117517773695272,891.951402 VESTS,0.430 STEEM,160.169 SBD,4343,unknown,1.44444444444,0.156944444444,0.434413580247
,153762,2017-05-12T21:51:36,enjoywithtroy,51,97863652068,0.000000 VESTS,0.000 STEEM,0.000 SBD,9854,unknown,0.5,0.250510204082,0.390051020408
"I'm an aspiring developer with an edge. I like to dance and I don't buy into stereotypes. We all have a chance, STEEM on! ",156204,2017-05-13T05:12:57,entice,44,68469019150,0.000000 VESTS,0.000 STEEM,0.000 SBD,5635,unknown,0.0,0.5375,0.71
,5620,1970-01-01T00:00:00,eric,0,0,0.000000 VESTS,0.000 STEEM,0.000 SBD,10000,unknown,,,
Author. Entrepreneur.,14602,2017-05-13T04:09:18,ericvancewalton,3603,360224526599688,356.762572 VESTS,0.172 STEEM,0.000 SBD,9424,neutral,115.0,0.133138206895,0.359092922105
,153308,2017-05-12T17:08:42,ethereumexchange,8,10215179188,0.000000 VESTS,0.000 STEEM,0.000 SBD,9719,unknown,1.0,0.425,0.5875
,153349,2017-05-13T00:01:51,evilhustler,3,4129299008,0.000000 VESTS,0.000 STEEM,0.000 SBD,9756,unknown,0.0,0.1125,0.5125
"Loving life and writing about it! | Stories from the past, the present and the future.",21960,2017-05-13T13:32:27,exyle,1614,55250112810761,3047.001962 VESTS,1.469 STEEM,343.362 SBD,8235,unknown,0.333333333333,-0.0427777777778,0.538888888889
Anything and Everything that matters to everyone.,157853,2017-05-13T07:47:54,f88steyrr,4,0,0.000000 VESTS,0.000 STEEM,0.000 SBD,9703,unknown,0.0,0.273936130008,0.541141817838
"Working on Steem.js, SteemConnect and Busy",26921,2017-05-12T19:48:36,fabien,164,3481304934497,38640.814552 VESTS,18.625 STEEM,70.331 SBD,9950,unknown,2.33333333333,0.303737373737,0.501414141414
,33485,2017-05-12T22:24:45,fairytalelife,1234,79766011439054,0.000000 VESTS,0.000 STEEM,0.000 SBD,9950,unknown,0.0,0.0885416666667,0.601388888889
,29465,2017-05-13T09:34:12,felixxx,2443,35956042656602,1003.934468 VESTS,0.484 STEEM,0.088 SBD,8478,unknown,1.75,0.55,0.65
Live a beautiful life. ;-)),140193,2017-05-13T13:08:33,fernwehninja,981,2737320936108,0.000000 VESTS,0.000 STEEM,0.000 SBD,9717,unknown,1.0,0.0666666666667,0.602777777778
,124601,2017-05-13T08:42:03,firesteem,190,4477420490982,2144.738057 VESTS,1.034 STEEM,53.641 SBD,356,unknown,0.6,0.6,1.0
Student|Researcher|12 year old!|All round fun dude!,147507,2017-05-13T13:25:15,fishjojo1,305,331079578734,0.000000 VESTS,0.000 STEEM,1.908 SBD,9199,unknown,0.0,0.0267857142857,0.205952380952
Cupid's favorite puppet. || I write | poetry | fiction | rants | others ,124945,2017-05-13T10:15:18,fisteganos,856,25108535486967,68.449260 VESTS,0.033 STEEM,6.382 SBD,9341,unknown,6.91428571429,0.361314057226,0.424135152546
Gaming/Life/Food/Science/Philosophy/etc.,99195,2017-05-13T10:21:48,flyasfuq,54,340057207587,0.000000 VESTS,0.000 STEEM,0.000 SBD,9930,unknown,0.0,0.441666666667,0.733333333333
I accidentally bought that name and now I need to live with it.,133,2017-05-13T11:42:12,fminerten1,153,1221515978135,0.000000 VESTS,0.000 STEEM,1.145 SBD,9444,unknown,1.25,0.024880952381,0.52
Graphic Design,156933,2017-05-12T05:36:42,foways,1,14916772,0.000000 VESTS,0.000 STEEM,0.000 SBD,8772,unknown,1.0,0.0,0.0
"Jiu Jitsu, Gym, MMA, Yoga, Bitcoin & Digital Currency",10386,2017-05-12T21:36:12,framelalife,1016,8966930731626,37.336373 VESTS,0.018 STEEM,2.868 SBD,9683,unknown,1.0,0.4375,0.65
Benjamin Franklin Bacon - A Cryptographic Novel,40645,2017-05-13T03:35:21,frankbacon,555,5651715101696,8.296883 VESTS,0.004 STEEM,0.232 SBD,6981,unknown,5.0,0.278125,0.45
Helping ladies ease what ails them since 1991.,143949,2017-05-11T18:10:00,freebornsociety,143,289187662579,1997.561144 VESTS,0.963 STEEM,4.660 SBD,9950,unknown,1.0,0.0,0.0
Im a young entrepreneur who loves the new ideas and searching for the WHY in this live.,154615,2017-05-11T22:18:30,freelibre369,21,36654719538,0.000000 VESTS,0.000 STEEM,0.000 SBD,9950,unknown,0.0,0.221875,0.446875
,7771,1970-01-01T00:00:00,fubar,0,0,0.000000 VESTS,0.000 STEEM,0.000 SBD,10000,unknown,,,
"I've developed SteemData, SteemQ and SteemSports. I also maintain the official Python Steem library. Witness.",16321,2017-05-12T14:14:00,furion,515,78972286024142,284710.939924 VESTS,137.252 STEEM,553.965 SBD,9092,unknown,86.4,0.276466666667,0.473866666667
,887,2017-05-13T10:26:06,fuzzyvest,928,15691130975145,19999.504329 VESTS,9.642 STEEM,4.374 SBD,9381,unknown,7.0,0.3,0.7
Come and join me and hundreds of other Steemians & Golosians at SteemSpeak Discord! Follow the link below and it will take you there!,14186,2017-05-13T00:20:57,fyrstikken,2611,198152292032729,537858.341639 VESTS,259.272 STEEM,0.049 SBD,4244,unknown,1.0,0.738095238095,0.566666666667
"Artistic, creative love music, movie and video games",115116,2017-05-12T03:39:51,gabrielmrpr,193,2893229255903,0.000000 VESTS,0.000 STEEM,2.714 SBD,9950,unknown,1.25,0.31875,0.677083333333
,153853,2017-05-13T07:43:45,galactic123,2,0,0.000000 VESTS,0.000 STEEM,0.000 SBD,9812,unknown,0.0,0.286574074074,0.777314814815
I belong to the gargonites family,34757,2017-05-12T21:50:54,gargon,1574,118150656345042,10468.574157 VESTS,5.047 STEEM,0.560 SBD,8575,unknown,2.33333333333,0.383333333333,0.45
"‚ÄòCynics do not contribute, skeptics do not create, doubters do not achieve.‚Äô",8755,2017-05-12T08:45:12,gavvet,2526,524363654568320,163507.926212 VESTS,78.829 STEEM,0.302 SBD,8776,unknown,17.0909090909,0.169134908588,0.35240617925
,153805,2017-05-13T12:58:09,gem777,59,35543600263,0.000000 VESTS,0.000 STEEM,0.000 SBD,9863,unknown,1.0,0.625,0.7
"Steem lover, Golos lover, crypto lover, Bitcoin lover, etc",15866,2017-05-13T04:45:27,gliten,204,4267964870022,0.000000 VESTS,0.000 STEEM,0.530 SBD,9769,unknown,3.0,0.358333333333,0.661904761905
"The views and opinions in this article are those of the author(s), do not reflect the views and opinions of Goldmoney, and are not advice.  Goldmoney consultant",87529,2017-05-13T05:28:45,goldmatters,1332,20084793035156,0.000000 VESTS,0.000 STEEM,0.007 SBD,9933,unknown,1.5,0.0,0.0
,33971,1970-01-01T00:00:00,good,0,0,0.000000 VESTS,0.000 STEEM,0.000 SBD,10000,unknown,,,
ÎåÄÍµ¨ÌÖêÏù∏ÌÖê & ÎÑ§Ïù¥Î≤Ñ Î∏îÎ°úÍ∑∏Ïóê Í∏ÄÏùÑ Ïò¨Î¶ΩÎãàÎã§,111525,2017-05-13T13:27:24,gotoperson,482,26672020130272,723.896587 VESTS,0.349 STEEM,0.000 SBD,9501,unknown,0.0,0.166666666667,0.333333333333
"SAVOR THE DAY!  Food Blogger, Expat from the states living in Southern Chile",70044,2017-05-13T09:49:18,gringalicious,7597,163439999505273,3733.607199 VESTS,1.800 STEEM,789.286 SBD,8139,happiness,23.0,0.245546923315,0.437081014224
"IT Wizard, Steem Witness",14007,2017-05-13T09:09:36,gtg,1244,15495092108731,840.051045 VESTS,0.405 STEEM,0.494 SBD,9959,unknown,8.84210526316,0.404025689223,0.738946324144
,130176,2017-05-13T08:55:09,gtk610,55,24283972944355,8856.900166 VESTS,4.270 STEEM,0.000 SBD,6229,unknown,0.0,0.0,0.0
,80501,2017-05-11T19:09:45,guest123,127,497494255776,203.365947 VESTS,0.098 STEEM,1.915 SBD,9830,unknown,2.0,1.0,0.75
#kr #travel #good place #story,150772,2017-05-13T04:26:03,haerang2,88,682601746972,0.000000 VESTS,0.000 STEEM,0.000 SBD,8873,unknown,0.5,1.0,0.8625
"GNU/Linux, Cryptocurrencies, (Computer) Science, Africa, Programming, Languages and much much more",134457,2017-05-13T08:13:27,hagbardceline,776,8120242896173,1584.697043 VESTS,0.764 STEEM,1.196 SBD,9438,unknown,0.0,0.2,0.2
,157285,2017-05-13T04:35:30,hanny,1,0,0.000000 VESTS,0.000 STEEM,0.000 SBD,9950,unknown,0.0,0.5,0.583333333333
"Geek, Dad, Husband, Special Education Teacher, Child of the 70s, Star Wars fan who knows Han Shot First! (No matter what Lucas says).",37073,2017-05-13T12:38:18,hanshotfirst,3032,199670127876848,4949.084774 VESTS,2.386 STEEM,103.573 SBD,6057,unknown,0.333333333333,0.0578538359788,0.518617724868
"cultural designer, radio host, advocate of creative action",104099,2017-05-13T06:56:57,hansikhouse,348,21938164618746,0.000000 VESTS,0.000 STEEM,0.086 SBD,9812,unknown,0.0,0.208333333333,0.383333333333
Wisdom tends to grow in propotion to one's awareness of one's ignorance.,25138,2017-05-13T12:41:24,happyphoenix,2733,5415967917469,0.000000 VESTS,0.000 STEEM,40.618 SBD,7224,unknown,0.666666666667,0.166666666667,0.333333333333
"""Only the man who is in the truth is a free man""",116211,2017-05-13T11:42:24,harferri,875,20110366573513,22.816538 VESTS,0.011 STEEM,2.061 SBD,8330,unknown,2.0,0.0,0.0
Creator of: #threedprinter & #tinfoilhat,19289,2017-05-13T12:54:21,hastla,576,824920217547,18.668311 VESTS,0.009 STEEM,0.000 SBD,5395,unknown,0.333333333333,0.133333333333,0.838888888889
Eager & Curious ,153500,2017-05-12T19:49:21,hellogelt83,89,49260702557,0.000000 VESTS,0.000 STEEM,0.000 SBD,7384,unknown,1.0,0.227785011574,0.48587962963
,6548,1970-01-01T00:00:00,henry,0,0,0.000000 VESTS,0.000 STEEM,0.000 SBD,10000,unknown,,,
"musician, philosopher, tech-explorer.",123898,2017-05-12T16:42:03,heymattsokol,685,23915522996434,394.109136 VESTS,0.190 STEEM,3.047 SBD,9751,unknown,0.0,0.321844821845,0.490825840826
Marketer to the #Crypto and #Bitcoin World. Expat living in #Panama and Co-Owner of $200 Social.,46244,2017-05-13T13:31:57,hilarski,4746,180652587273640,0.000000 VESTS,0.000 STEEM,0.000 SBD,5077,unknown,3.0,0.28125,0.547916666667
,152171,2017-05-13T13:28:24,hiroyamagishi,46,50392954678,0.000000 VESTS,0.000 STEEM,0.000 SBD,9066,unknown,1.0,0.511111111111,0.505555555556
,35289,2017-05-13T12:49:24,hms818,395,3348880953742,18.667814 VESTS,0.009 STEEM,0.297 SBD,4186,unknown,2.0,0.3,0.7
"Hello, I am an amateur photographer from near Dresden (East Germany). For me, photography is relaxation from everyday life.  ¬© by HomeArtPictures.",118410,2017-05-13T12:20:36,homeartpictures,6694,124714772128890,33.187252 VESTS,0.016 STEEM,184.164 SBD,8914,unknown,0.25,0.256875,0.343125
,109325,2017-05-13T00:20:00,homosapiens,89,4077200121866,3148.635737 VESTS,1.517 STEEM,0.000 SBD,9862,unknown,0.0,0.78125,0.75
Lifting the veil - seeing the future,134475,2017-05-11T21:58:21,homosymbion,20,1368674019432,0.000000 VESTS,0.000 STEEM,0.000 SBD,9950,unknown,4.0,0.24,0.62
,151871,2017-05-13T11:02:06,housewhisper,25,49172471533,0.000000 VESTS,0.000 STEEM,0.000 SBD,9950,unknown,1.0,0.35,0.475
,146868,2017-05-13T13:16:03,huku,18,98628813621,0.000000 VESTS,0.000 STEEM,3.991 SBD,9950,unknown,1.5,0.705,0.89
"Likes Skiing, Cinema, Travel, Walking ,Holidays",95781,2017-05-13T12:43:06,ianstrat,1596,12629980281230,669.995620 VESTS,0.323 STEEM,33.145 SBD,3092,unknown,0.0,0.683333333333,0.8
,140794,2017-05-13T11:21:30,ikilledcobain,140,2519510797277,0.000000 VESTS,0.000 STEEM,0.000 SBD,9851,unknown,0.0,-0.025,0.125
"Single mom, homeschooler, business owner, rockstar photographer, taco lover",139808,2017-05-13T03:47:45,ilovedietcoke,47,277804659201,0.000000 VESTS,0.000 STEEM,0.171 SBD,9950,unknown,1.0,0.75,0.95
Bookworm..Lover Of All Things Tech...,12129,2017-05-13T05:45:30,infovore,1178,158889090997785,28362.988756 VESTS,13.674 STEEM,6.556 SBD,7051,unknown,52.1111111111,0.249192436935,0.463076609347
,139295,2017-05-13T05:37:45,ingloriousaction,242,1638671314472,0.000000 VESTS,0.000 STEEM,0.901 SBD,9852,unknown,4.0,0.75,1.0
I try to keep my mind open. Anything is possible.,11685,2017-05-13T06:59:39,intelliguy,1446,29472321460012,0.000000 VESTS,0.000 STEEM,0.000 SBD,9019,unknown,2.0,0.0370677437642,0.236380385488
Good ideas don't require force.,41534,2017-05-12T23:45:57,intothewild,89,2428450428185,0.000000 VESTS,0.000 STEEM,0.138 SBD,9950,unknown,1.0,0.5,1.0
,154546,2017-05-13T13:20:54,investmentfool,81,33605788330,0.000000 VESTS,0.000 STEEM,0.000 SBD,9950,unknown,0.5,0.713020833333,0.761666666667
,14324,2017-05-13T09:42:06,isteemit,545,23472037067529,3721.287122 VESTS,1.794 STEEM,8.497 SBD,7511,unknown,1.66666666667,0.406423611111,0.641458333333
Rapper Singer Songwriter Actor ,157465,2017-05-13T03:23:12,izzi,2,2847362012,0.000000 VESTS,0.000 STEEM,0.000 SBD,9950,unknown,0.0,0.8,0.75
. Open Grounds and Academy on Discord . Jedi  Master . ,106573,2017-05-13T11:12:09,j3dy,2664,6208916712734,8438.039213 VESTS,4.064 STEEM,3.533 SBD,9057,unknown,0.0,0.5,1.0
i M P R O V  .  @steemtrail  ,61258,2017-05-13T11:55:15,jacobts,1035,11840320954620,74.671424 VESTS,0.036 STEEM,11.977 SBD,8174,unknown,1.75,0.0592916666667,0.197166666667
,92444,2017-05-13T10:48:33,jaki01,1711,26279707914818,3003.448634 VESTS,1.448 STEEM,11.002 SBD,8269,unknown,1.0,0.442586580087,0.680303030303
"Chemical Engineer, Science, Research, Analytic, (Tetraphobia)",147003,2017-05-13T11:06:03,jamhuery,298,615573923717,0.000000 VESTS,0.000 STEEM,10.253 SBD,4622,unknown,0.6,0.403712121212,0.514318181818
"Amateur Dabbler, SPC Host, Curator, #photography Moderator",8382,2017-05-12T15:33:54,jamtaylor,1686,127148771248697,3399.712021 VESTS,1.639 STEEM,376.808 SBD,9871,unknown,12.0,0.408571428571,0.55246031746
,128769,2017-05-12T19:40:48,javirid,312,940553821993,0.000000 VESTS,0.000 STEEM,0.081 SBD,9950,unknown,0.0,0.0,0.0
AnimeLover & Cryptoinvestor,155668,2017-05-12T16:55:30,jawaida,10,97276497394,0.000000 VESTS,0.000 STEEM,0.000 SBD,9519,unknown,4.0,0.0877435064935,0.300662878788
"Artist, Entrepreneur, Traveler, Life Lover ",110465,2017-05-13T04:56:45,jcsteem,480,4122237887257,20.742095 VESTS,0.010 STEEM,0.872 SBD,9070,unknown,0.75,0.5328125,0.575625
,153350,2017-05-13T08:09:45,jdc,68,24756936120,0.000000 VESTS,0.000 STEEM,0.000 SBD,8775,unknown,0.0,0.6,0.616666666667
"Solver of Problems, Teller of Stories",23654,2017-05-12T14:51:18,jedau,2839,23850139145868,2746.361004 VESTS,1.324 STEEM,2.462 SBD,6269,unknown,0.333333333333,0.288145018424,0.597239229025
,152325,2017-05-12T19:14:27,jeepjk13,11,6096903174,0.000000 VESTS,0.000 STEEM,0.000 SBD,9950,unknown,1.0,0.6125,0.5125
"Aspiring fiction writer, humorist, and curator of food-trail.",106111,2017-05-13T03:23:15,jeezzle,139,2190393522024,24.890473 VESTS,0.012 STEEM,0.812 SBD,9112,unknown,1.0,0.065404040404,0.485245310245
,2593,1970-01-01T00:00:00,jeff,0,0,0.000000 VESTS,0.000 STEEM,0.000 SBD,10000,unknown,,,
,157386,2017-05-12T18:28:21,jeremydiouf,2,1597223410,0.000000 VESTS,0.000 STEEM,0.000 SBD,9930,unknown,1.0,0.4,0.675
,113942,2017-05-13T05:53:51,jhdisenos,26,96076747173,0.000000 VESTS,0.000 STEEM,0.007 SBD,9668,unknown,2.0,0.0,0.0
,50483,2017-05-13T04:20:15,jlufer,15229,146888257854487,1165.720864 VESTS,0.562 STEEM,107.057 SBD,1464,unknown,0.0,0.702,0.742
"I am a Venezuelan Materials Engineer, working like Innovation Engineer, expert in 3D printing and knowing the new world of cryptocurrencies and blockchains. ",144224,2017-05-13T12:24:57,jocra,289,847539912276,12.445217 VESTS,0.006 STEEM,0.000 SBD,8428,unknown,5.0,0.181632653061,0.426530612245
,151992,2017-05-13T05:40:39,johndogett,5,2107311407,0.000000 VESTS,0.000 STEEM,0.000 SBD,9950,unknown,0.0,0.0,0.0
,24401,2017-05-11T21:23:39,johnsmith,904,7043510424358,763.333038 VESTS,0.368 STEEM,0.115 SBD,9950,unknown,2.0,0.55,0.65
"Only Time Will Tell. Investor in Bitcoin, Altcoins, Social Media.",2322,2017-05-13T04:36:09,joseph,1019,94125449769835,1302.598122 VESTS,0.628 STEEM,61.440 SBD,6399,unknown,221.0,0.1375,0.580753968254
"Content Creator, Online Curator, Fommy, Golf Instructor, Stock Trader",36458,2017-05-12T22:39:54,jrcornel,4563,264685073858478,4791.487879 VESTS,2.310 STEEM,1.998 SBD,6234,happiness,12.6296296296,0.260017171772,0.550834698077
"Cuban video editor, designer and photographer. Learn something new every day is my goal in life. #Video #Design #Photography #Travel #Life",11704,2017-05-13T11:10:06,juanmiguelsalas,1430,50537907532685,3872.663495 VESTS,1.867 STEEM,0.043 SBD,3340,unknown,5.0,0.5,1.0
DevOps @ Steemit Inc.,111202,2017-05-11T20:55:15,justinw,27,1291313955769,437.701009 VESTS,0.211 STEEM,56.925 SBD,9950,unknown,3.0,0.466666666667,0.716666666667
"Biochemistry Researcher, Enzymologist, SteemSTEM Co-Founder",11056,2017-05-13T13:29:00,justtryme90,4927,89517982901540,197.050800 VESTS,0.095 STEEM,1.216 SBD,4750,unknown,12.2857142857,0.225720191468,0.517447393026
,18230,2017-05-13T13:25:27,juvyjabian,3024,82915930333724,4.148401 VESTS,0.002 STEEM,25.445 SBD,9994,unknown,0.0,0.283333333333,0.331481481481
"@jyezie the artist, @cryptohazard the geek",48128,2017-05-12T07:39:21,jyezie,848,9858057718939,0.000000 VESTS,0.000 STEEM,0.090 SBD,9900,unknown,4.0,0.059033203125,0.196875
"Voluntary Japan, voluntary world. ",42629,2017-05-13T11:41:27,kafkanarchy84,1253,131851256235107,277.951706 VESTS,0.134 STEEM,50.455 SBD,9950,unknown,1.0,-0.2,0.1
,155353,2017-05-12T16:21:57,kamill,5,1056596363,0.000000 VESTS,0.000 STEEM,0.000 SBD,9775,unknown,1.0,0.5,0.5625
Just a regular guy. Born and raised in a small town in Michigan.  ,135522,2017-05-13T13:32:15,kanedizzle08,86,258119145373,0.000000 VESTS,0.000 STEEM,0.000 SBD,8906,unknown,0.5,0.19375,0.23125
"Welcome to my page, I like to write about Life, Family, Meditation. Grab a chair a cuppa and stay a while :D ",28632,2017-05-13T13:03:24,karenb54,9357,58854080464544,58452.365154 VESTS,28.179 STEEM,20.855 SBD,9852,unknown,0.333333333333,-0.0104166666667,0.333333333333
" The possibility of 1%, it is my way. -Napoleon",134300,2017-05-13T11:11:30,kb720k,110,19963012629982,65667.438434 VESTS,31.659 STEEM,0.000 SBD,7982,unknown,0.0,0.0,0.0
KCN - leader in crypto news,147621,2017-05-12T20:31:48,kcnnews,78,206032697391,93.343632 VESTS,0.045 STEEM,2.087 SBD,9950,unknown,0.0,0.0,0.0
,19366,2017-05-13T13:02:45,kendewitt,332,1573864488936,22.816227 VESTS,0.011 STEEM,0.000 SBD,8367,unknown,0.0,0.316666666667,0.533333333333
The New World Blogger,9915,2017-05-13T08:51:42,kevinwong,5229,301299094256055,255.127042 VESTS,0.123 STEEM,0.000 SBD,7743,unknown,0.5,0.65,0.575
,8067,2017-05-13T04:53:51,khanhsang,94,779134685110,0.000000 VESTS,0.000 STEEM,0.000 SBD,9923,unknown,1.0,0.5,1.0
Follow for cryptcurrency news and good curation,8982,2017-05-13T11:33:03,kingscrown,1843,173492682066262,0.000000 VESTS,0.000 STEEM,100.770 SBD,9821,neutral,118.4,0.216758391331,0.463980192855
,29826,2017-05-13T08:56:48,kleryk200,171,1138578648204,0.000000 VESTS,0.000 STEEM,0.100 SBD,9464,unknown,0.0,0.975,1.0
Witness - Developer - Entrepreneur - Coder - Designer - Artist,9852,2017-05-13T13:21:03,klye,5824,141308342343141,0.000000 VESTS,0.000 STEEM,0.686 SBD,7194,unknown,7.68421052632,0.0857960096474,0.420762566401
,7364,2017-05-13T03:16:21,konelectric,392,1670734934301,76.745704 VESTS,0.037 STEEM,5.187 SBD,9827,unknown,0.0,0.2125,0.4875
,114172,2017-05-13T02:04:09,krishatnet,79,220499309971,0.000000 VESTS,0.000 STEEM,0.163 SBD,9925,unknown,1.0,1.85037170771e-17,0.211111111111
,74686,2017-05-13T04:09:57,kristinaljfom,204,21992235980924,0.000000 VESTS,0.000 STEEM,0.000 SBD,9924,neutral,43.0,0.513566317941,0.750289201539
,146099,1970-01-01T00:00:00,kus,0,0,0.000000 VESTS,0.000 STEEM,0.000 SBD,10000,unknown,,,
,41674,2017-05-13T13:00:42,kyriacos,2313,50825186910139,2466.229733 VESTS,1.189 STEEM,0.000 SBD,6788,happiness,4.82608695652,0.117847683717,0.348333475703
"Health, Wellness & Protection Centers",58063,2017-05-13T05:06:00,kyusho,2382,58344161432057,6235.089868 VESTS,3.006 STEEM,4.484 SBD,9007,unknown,2.0,0.0,0.0
,153235,2017-05-12T00:32:15,larutanton,9,3631860381,0.000000 VESTS,0.000 STEEM,0.000 SBD,9887,unknown,0.0,0.0671875,0.49375
"Hey there, I am a highly ambitious visual artist and some-what of a writer. ",14776,2017-05-12T21:19:39,lauralemons,1452,47329134275368,0.000000 VESTS,0.000 STEEM,9.084 SBD,9369,unknown,0.0,0.216666666667,0.4375
"Graphic designer & Web researcher - You can get anything you want, all you need is to believe!",119426,2017-05-13T09:35:06,lazariko12,1422,23198925256457,0.000000 VESTS,0.000 STEEM,1.000 SBD,5391,unknown,1.5,0.408333333333,0.545833333333
"Geek, DJ, mostly human",155159,2017-05-13T11:32:39,leanvix,108,427181905808,0.000000 VESTS,0.000 STEEM,0.000 SBD,3032,unknown,2.0,0.722222222222,0.877777777778
,4971,1970-01-01T00:00:00,len,0,0,0.000000 VESTS,0.000 STEEM,0.000 SBD,10000,unknown,,,
WorldWideLife,33300,2017-05-12T22:16:12,lenatramper,845,14961117779855,0.000000 VESTS,0.000 STEEM,291.468 SBD,5547,unknown,1.0,0.25,0.55
"Father, Husband, Life Long Learner, Veteran",75141,2017-05-13T12:29:54,lexikon082,659,6519792563798,0.000000 VESTS,0.000 STEEM,6.437 SBD,9754,unknown,2.0,0.425,0.55
Book Series,156741,2017-05-13T13:23:06,liatrissaga,20,24010132123,0.000000 VESTS,0.000 STEEM,0.000 SBD,9950,unknown,1.16666666667,0.396180555556,0.414814814815
,154703,2017-05-13T07:04:36,liberian,121,41638264937,0.000000 VESTS,0.000 STEEM,0.000 SBD,5851,unknown,1.5,0.515972222222,0.540277777778
,21794,2017-05-13T04:18:57,liberosist,2578,63607844315949,9848.404797 VESTS,4.748 STEEM,0.069 SBD,8110,unknown,1.0,0.356944444444,0.646031746032
I post on random topics,113177,2017-05-13T12:00:21,libert,220,1779184398743,0.000000 VESTS,0.000 STEEM,0.000 SBD,9901,unknown,0.0,1.0,0.8
,7667,1970-01-01T00:00:00,liberty,0,0,0.000000 VESTS,0.000 STEEM,0.001 SBD,10000,unknown,,,
,7903,1970-01-01T00:00:00,life,0,0,0.000000 VESTS,0.000 STEEM,0.000 SBD,10000,unknown,,,
,67325,2017-05-13T08:56:30,lifeworship,5502,34681697718921,6.222608 VESTS,0.003 STEEM,92.028 SBD,9636,unknown,9.0,-0.0125,0.275
,79500,2017-05-13T12:50:42,lighteye,1661,12216830999967,8.296825 VESTS,0.004 STEEM,39.177 SBD,5288,unknown,1.0,0.0,0.0
"Photos, culinary recipes, travel.",136622,2017-05-13T03:45:12,lil4a,467,2450546019894,1074.475169 VESTS,0.518 STEEM,24.248 SBD,9706,unknown,8.0,0.0,0.0
,129127,2017-05-11T21:59:51,lingfei,77,5836014527529,18.668804 VESTS,0.009 STEEM,20.122 SBD,9862,unknown,1.0,0.2,0.2
Just a little baby growing with Steem,136576,2017-05-13T12:34:03,littlewhale,69,2491509686680,13603.971041 VESTS,6.558 STEEM,3.183 SBD,8334,unknown,1.0,0.633333333333,0.966666666667
,148712,2017-05-13T06:28:36,lizanomadsoul,576,4929695626780,2.074200 VESTS,0.001 STEEM,19.038 SBD,6125,unknown,0.0,1.0,0.75
41 year old widower with 2 children. Soul sucking job working in upper management for the government. Raised by a single mother. I have severe anger issues.,37138,2017-05-13T07:06:00,lordvader,1161,63269407973018,6517.428714 VESTS,3.142 STEEM,4.632 SBD,6915,unknown,2.5,0.0,0.0
,15267,2016-07-28T05:21:39,lost,23,5266513602,0.000000 VESTS,0.000 STEEM,0.011 SBD,9949,unknown,,,
,153125,2017-05-12T21:34:57,louisjxn,13,332948383403,0.000000 VESTS,0.000 STEEM,0.000 SBD,9950,unknown,5.0,-0.416666666667,0.5
,23667,2017-05-13T05:25:39,lpfaust,809,32091917664175,31.113282 VESTS,0.015 STEEM,101.354 SBD,9950,unknown,1.0,0.2225,0.4975
Finance Major | History Enthusiast |  American-Bengali | ‡¶Ü‡¶Æ‡¶ø ‡¶∏‡¶¨‡¶∏‡¶Æ‡¶Ø‡¶º ‡¶∏‡ßá‡¶∞‡¶æ ‡¶π‡¶¨‡ßá,155264,2017-05-12T20:48:12,lukekelley,85,122255404085,0.000000 VESTS,0.000 STEEM,0.000 SBD,2676,unknown,1.0,0.78,1.0
"Father, husband, business owner, programmer, voluntaryist, and blockchain enthusiast. I want to help create a world we all want to live in.",13452,2017-05-13T05:00:15,lukestokes,5035,131885560701517,1086.888987 VESTS,0.524 STEEM,3.120 SBD,8849,unknown,5.28571428571,0.309682539683,0.689365079365
,53493,2017-05-11T21:42:45,luminousvisions,1129,-8545544437418,0.000000 VESTS,0.000 STEEM,0.000 SBD,9906,unknown,0.0,0.145914502165,0.387026515152
"Steemweaver, Entrepreneur, Professional Traveler, Optimistocrat,  Unapologetic Dreamer",79828,2017-05-13T13:16:45,luzcypher,3343,165412311268082,0.000000 VESTS,0.000 STEEM,0.000 SBD,6146,unknown,0.0,0.75,0.675
"P2P –±–∏—Ç–∫–æ–∏–Ω –±–∞–Ω–∫–∏–Ω–≥, –±–∏—Ç–∫–æ–∏–Ω,–∏—Å–∫—É—Å—Å—Ç–≤–æ, –º–æ—è –∂–∏–∑–Ω—å",115018,2017-05-13T13:31:09,madlenfox,1054,8417671908618,31.113071 VESTS,0.015 STEEM,0.000 SBD,8306,unknown,1.0,0.9875,1.0
Cryptocurrency Enthusiast and advocate for a decentralized world,113624,2017-05-12T16:08:06,mallorcaman,1833,28601337098552,10646.971429 VESTS,5.133 STEEM,1.290 SBD,9760,unknown,1.0,0.0625,0.875
There is no end. There is no beginning. There is only the infinite passion of life - Fellini,13661,2017-05-13T11:03:57,mammasitta,6061,46209806027010,0.000000 VESTS,0.000 STEEM,95.112 SBD,1111,unknown,3.0,0.335,0.7075
,156856,2017-05-13T03:48:03,marcusxman,6,4728288615,0.000000 VESTS,0.000 STEEM,0.000 SBD,9837,unknown,1.0,0.533333333333,0.633333333333
Let's get high ... up on the hill !!!,144758,2017-05-13T06:09:06,margaretwise,424,1279463663578,0.000000 VESTS,0.000 STEEM,18.000 SBD,9440,unknown,1.0,0.8,0.75
"Decorative paper flowers,Flowerpot decoration,Fruit decoration,Drawing",24447,2017-05-13T10:41:03,marius19,2172,188615559360810,21049.007639 VESTS,10.148 STEEM,291.615 SBD,3483,unknown,93.0,0.34209427348,0.59687911726
Capital markets/Financial expert.,151102,2017-05-13T04:57:03,marketreport,456,8235968026456,0.000000 VESTS,0.000 STEEM,155.326 SBD,9667,neutral,15.2222222222,0.190575865886,0.262977269316
Absence makes the heart grow fonder,133077,2017-05-13T13:24:00,mars9,3845,16133972553197,0.000000 VESTS,0.000 STEEM,0.000 SBD,6307,unknown,0.0,1.0,1.0
Sociologist | Writer | Traveler | Hippie,149529,2017-05-13T06:38:45,marxrab,366,2546888836283,1389.736848 VESTS,0.670 STEEM,51.800 SBD,9430,unknown,1.0,-0.403571428571,0.444047619048
 Public Health research and practice | I like the cryptocurrency world and fintech| ,138895,2017-05-13T03:59:21,maryfavour,342,1288899478384,2816.771144 VESTS,1.358 STEEM,6.578 SBD,9950,unknown,2.66666666667,0.333333333333,0.25
"Mathematics, Science, Suspense & Current Events",118345,2017-05-13T07:17:57,mathworksheets,876,10462100273672,47.707032 VESTS,0.023 STEEM,1.352 SBD,701,unknown,0.0,0.35,0.65
,846,1970-01-01T00:00:00,matt,0,0,0.000000 VESTS,0.000 STEEM,0.000 SBD,10000,unknown,,,
,141202,2017-05-13T04:09:03,matt123,26,18134976735,2060.236239 VESTS,0.993 STEEM,0.000 SBD,9911,unknown,1.0,0.373333333333,0.7775
,156808,2017-05-13T13:17:39,mbrownvn,24,60260309862,0.000000 VESTS,0.000 STEEM,0.000 SBD,9839,unknown,0.5,0.75,0.775
,151260,2017-05-13T12:41:30,mbusomeshackq,15,57990832347,0.000000 VESTS,0.000 STEEM,0.000 SBD,9934,unknown,0.0,0.3,0.575
,18114,2017-05-13T13:08:03,meesterboom,9962,131303948005102,2097.078619 VESTS,1.011 STEEM,4.660 SBD,5525,unknown,6.75,0.134966565539,0.472798616913
Creative Writer | Web Design | Online Community Advocate  #AspieWarrior | Visit my website to connect.,29598,2017-05-13T00:26:36,merej99,7854,84389870239724,9531.501727 VESTS,4.595 STEEM,27.214 SBD,9891,unknown,1.0,0.442857142857,0.540079365079
"Linux Administrator and payment expert , working at a payment service provider, Love watching Movies ",114404,2017-05-13T11:43:36,meysam,689,23387572891493,1953.961400 VESTS,0.942 STEEM,18.176 SBD,6073,unknown,0.0,0.4,0.6
"Writer and Author of fiction, poetry and songs",120231,2017-05-11T22:52:15,michaeladamparis,96,10927001153242,45.633519 VESTS,0.022 STEEM,0.128 SBD,9999,unknown,4.0,0.3125,0.65
,18978,1970-01-01T00:00:00,midnight,0,0,0.000000 VESTS,0.000 STEEM,0.000 SBD,10000,unknown,,,
Internet Entrepreneurship Consultant. IT employee. Crypto-libertarian. Philosopher. Futurist. Cinephile. Melomaniac. Gooner. Omnivore. 1.68m 68kg,96115,2017-05-13T12:44:36,mkdouglas,78,110657548987,0.000000 VESTS,0.000 STEEM,0.090 SBD,9796,unknown,0.0,0.1475,0.495
,144804,2017-05-11T08:50:54,monsteroiids,2,401040758,0.000000 VESTS,0.000 STEEM,0.000 SBD,9950,unknown,2.0,-0.166666666667,0.0666666666667
,24168,2017-05-13T11:56:57,moon32walker,1692,101495756167855,713.527671 VESTS,0.344 STEEM,57.002 SBD,9098,unknown,2.0,0.6425,0.87
,156656,2017-05-11T21:16:51,motoko114,5,2576177249,0.000000 VESTS,0.000 STEEM,0.000 SBD,9950,unknown,2.0,0.0,0.5
I like humor,142987,2017-05-13T04:08:15,mprgrmmr,229,329242921968,45.633291 VESTS,0.022 STEEM,0.000 SBD,9879,unknown,1.0,0.575,0.772222222222
seriously,107310,2017-05-12T03:03:18,mrfoot,472,3883040668843,0.000000 VESTS,0.000 STEEM,0.000 SBD,7298,unknown,25.0,0.5,0.5
,153960,2017-05-13T09:18:15,mridu87,1,636841174,0.000000 VESTS,0.000 STEEM,0.000 SBD,9950,unknown,1.0,0.0555555555556,0.402777777778
,157360,2017-05-12T19:35:00,mrwalt,1,0,0.000000 VESTS,0.000 STEEM,0.000 SBD,9950,unknown,0.0,0.0,0.0
A Palestinian A Radiographer And As Simple As Water,147907,2017-05-13T13:17:06,mtsmayad,125,229275444819,0.000000 VESTS,0.000 STEEM,3.190 SBD,9950,unknown,3.0,0.0,0.0
,45285,2017-05-13T11:00:21,mweich,1317,30226013078988,0.000000 VESTS,0.000 STEEM,22.346 SBD,9692,unknown,1.0,0.625,0.9
Comics + a bit of random,20267,2017-05-13T03:39:03,mynameisbrian,2040,197540736208063,98523.734489 VESTS,47.499 STEEM,0.000 SBD,9498,unknown,44.8,0.134761904762,0.403915343915
Pursuit of The Laptop Lifestyle,151687,2017-05-13T12:26:48,myrevteam,8,5121902385,0.000000 VESTS,0.000 STEEM,0.000 SBD,9950,unknown,1.0,0.26,0.65
,39849,2017-05-13T01:16:21,nano2nd,453,14535270997413,0.000000 VESTS,0.000 STEEM,0.000 SBD,9420,unknown,130.0,0.441666666667,0.611904761905
Broker/Owner of McClellan Gray Real Estate,26931,2017-05-13T10:55:45,nathanjones,224,1096455727840,4.148433 VESTS,0.002 STEEM,0.179 SBD,9793,unknown,0.0,0.0,0.0
,156007,2017-05-13T05:41:03,natharinno,3,0,0.000000 VESTS,0.000 STEEM,0.000 SBD,9905,unknown,0.0,0.0787878787879,0.484848484848
üì∑ Pro Photographer - üé≠ Actor - üåê World Traveller - ‚òïCoffee Junky - üòµ Complete Maniac,57158,2017-05-13T03:09:15,nebcat,325,5295942888477,0.000000 VESTS,0.000 STEEM,0.023 SBD,9851,unknown,1.0,0.165290178571,0.655357142857
General geek and internet explorer,16333,2017-05-13T13:20:06,neoxian,2389,44381299003607,2414.369718 VESTS,1.164 STEEM,239.443 SBD,9207,unknown,1.0,0.0,0.0
"Coach, Writer, Teacher, Crypto Enthusiast",141262,2017-05-13T13:02:18,nepd,915,8035336121787,4.148400 VESTS,0.002 STEEM,3.267 SBD,9582,unknown,6.0,0.0,0.0
,8455,1970-01-01T00:00:00,net,0,0,0.000000 VESTS,0.000 STEEM,0.000 SBD,10000,unknown,,,
,156758,2017-05-13T04:47:21,newsjunkie,27,12001896250,0.000000 VESTS,0.000 STEEM,0.000 SBD,9126,unknown,0.0,0.455871212121,0.345833333333
"Investor, Sports Handicapper, Surfer, Technology Lover (Nerd?)",151807,2017-05-13T05:58:27,nicnas,65,175426383795,0.000000 VESTS,0.000 STEEM,0.490 SBD,6997,unknown,1.33333333333,0.0133333333333,0.31
,22353,2017-05-12T23:15:27,nin0000,932,22684728964280,20.742050 VESTS,0.010 STEEM,0.025 SBD,4114,unknown,2.0,-0.0587121212121,0.333333333333
Who will rise up for me against the evildoers? or who will stand up for me against the workers of iniquity? - Psalm 94:16,11352,2017-05-13T09:02:30,noganoo,1906,24701178869614,808.961708 VESTS,0.390 STEEM,0.717 SBD,9942,unknown,0.0,0.360723304473,0.460281385281
"Software Developer, Entrepreneur, Blogger",8226,2017-05-13T11:57:45,noisy,1127,13948698102472,288.314308 VESTS,0.139 STEEM,3.606 SBD,9267,unknown,4.0,-0.0302083333333,0.516666666667
The Writer/Artist Himself,94518,2017-05-13T06:39:42,nonameslefttouse,3902,107748592427718,669.974455 VESTS,0.323 STEEM,0.000 SBD,8137,unknown,8.5,-0.0369478726349,0.355647393317
Just a Red Pilled Father trying to make his family's life better by any means necessary,132256,2017-05-13T04:49:33,notoriousdjp,615,1729352140155,0.000000 VESTS,0.000 STEEM,2.267 SBD,9092,unknown,0.0,0.0,0.0
,143968,2017-05-13T11:38:00,numpypython,73,136645215460,0.000000 VESTS,0.000 STEEM,0.000 SBD,9859,unknown,0.0,0.35,0.6
,73328,2017-05-13T11:46:45,ocrdu,4577,103988065521780,43.558227 VESTS,0.021 STEEM,0.000 SBD,1816,unknown,1.0,0.2125,0.2
,4475,2017-05-11T18:15:57,officialfuzzy,1504,190082203503450,423.140472 VESTS,0.204 STEEM,0.039 SBD,8535,unknown,46.35,0.320649010396,0.591630329267
,130643,2017-05-13T12:15:45,ogoowinner,391,3521600203787,0.000000 VESTS,0.000 STEEM,30.901 SBD,9903,unknown,1.125,0.364508928571,0.407142857143
"Outdoors enthusiast,DIY lover, Beginner Programmer, Ex-Erasmus Volunteer",153980,2017-05-12T09:27:09,okan35,8,79874319319,0.000000 VESTS,0.000 STEEM,0.000 SBD,9933,unknown,1.0,0.0,0.95
,16274,2017-05-13T07:54:06,okkiedot,599,14211671495933,1325.424845 VESTS,0.639 STEEM,0.620 SBD,7708,unknown,1.5,0.4375,0.68125
,2419,1970-01-01T00:00:00,old,0,0,0.000000 VESTS,0.000 STEEM,0.000 SBD,10000,unknown,,,
,3875,1970-01-01T00:00:00,olga,0,0,0.000000 VESTS,0.000 STEEM,0.000 SBD,10000,unknown,,,
"The Calvary is here!Co-founder PEAH Technologies,Writing Adventure Fantasies,Exploring,Adventures....Not a Daddy yet!",140181,2017-05-13T13:02:51,oluwoleolaide,1251,2562281400955,0.000000 VESTS,0.000 STEEM,4.832 SBD,5286,unknown,0.0,0.25,0.25
,109900,2017-05-13T13:29:00,omarrium,259,10778790540740,0.000000 VESTS,0.000 STEEM,28.848 SBD,9694,unknown,0.0,0.85,0.675
"VIRES IN NUMERIS: Love Radio, GPS, Android, & cryptos",8953,2017-05-13T04:45:30,onealfa,14,162665988865,0.000000 VESTS,0.000 STEEM,0.000 SBD,9950,unknown,0.0,0.75,0.675
"online seller, wading through life, a day at a time",46434,2017-05-13T12:57:42,onetree,2179,60290410006898,338.095547 VESTS,0.163 STEEM,31.925 SBD,7884,unknown,5.0,-0.177777777778,0.227777777778
,48156,2017-05-12T16:17:00,ontofractal,289,41260259834013,82.971084 VESTS,0.040 STEEM,98.931 SBD,9643,unknown,5.0,0.25,0.2
Artist and  Visual Storyteller,20579,2017-05-13T12:23:12,opheliafu,7020,254200429829848,607.741848 VESTS,0.293 STEEM,262.570 SBD,2705,unknown,0.0,0.0,0.0
It is only with the heart that one can see rightly; what is essential is invisible to the eye.,88278,2017-05-13T11:12:09,orenshani7,791,24467744413590,0.000000 VESTS,0.000 STEEM,35.137 SBD,2271,unknown,0.0,0.270833333333,0.535714285714
"what to say,i just find way to live this life beter i can",157073,2017-05-13T11:11:57,orlovacanin,40,94254461027,0.000000 VESTS,0.000 STEEM,0.000 SBD,8935,unknown,0.8,0.505,0.569444444444
Bir blok zinciri meraklƒ±sƒ±nƒ±n Bitcoin notlarƒ±,112030,2017-05-13T09:47:12,osmanbugra,93,8377414176103,4.148407 VESTS,0.002 STEEM,100.000 SBD,8746,unknown,0.0,0.55625,0.55
"Lab Analyst, Travel, Photography, Natural, Life",152268,2017-05-12T12:59:15,oyamurty,33,73179139505,0.000000 VESTS,0.000 STEEM,0.000 SBD,9950,unknown,2.0,0.416666666667,0.6
Stoked to keep you healthy!,153565,2017-05-13T13:31:57,paleotreats,71,462568491343,0.000000 VESTS,0.000 STEEM,0.000 SBD,9950,unknown,0.0,0.203571428571,0.517857142857
,156966,2017-05-12T18:45:24,pamfrench,9,1818537338,0.000000 VESTS,0.000 STEEM,0.000 SBD,9395,unknown,1.0,0.368181818182,0.727272727273
"Artist, writer, sculptor, painter",128554,2017-05-13T13:08:06,paolobeneforti,1843,41389431427213,1018.459854 VESTS,0.491 STEEM,28.005 SBD,4893,unknown,0.0,0.125,0.5
,2512,1970-01-01T00:00:00,papa,0,0,0.000000 VESTS,0.000 STEEM,0.000 SBD,10000,unknown,,,
,111984,2016-12-16T14:34:42,paradise,10,41833844656,0.000000 VESTS,0.000 STEEM,0.000 SBD,9903,unknown,,,
Stay Positive and be Patient !!!,66745,2017-05-13T13:33:18,patelincho,2068,27464032832926,6784.712032 VESTS,3.271 STEEM,15.357 SBD,5682,unknown,0.0,0.25,0.6
,20438,2017-05-13T01:43:00,peacekeeper,752,4909475802638,51.856145 VESTS,0.025 STEEM,0.000 SBD,9572,unknown,0.0,0.5,1.0
¬Ø\_(„ÉÑ)_/¬Ø Don't miss out on my next post! Follow @penguinpablo,51317,2017-05-13T12:40:30,penguinpablo,840,92911286971741,4523.906134 VESTS,2.181 STEEM,953.641 SBD,9307,unknown,4.0,0.36875,0.5
,31131,2016-07-28T08:02:39,pepe,3,938822123,0.000000 VESTS,0.000 STEEM,0.051 SBD,9949,unknown,,,
,154246,2017-05-11T16:47:21,pgfilms,5,12264093064,0.000000 VESTS,0.000 STEEM,0.000 SBD,10000,unknown,1.0,0.0,0.0
"Photographer, Videography, ",142925,2017-05-13T05:25:06,photowebgear,149,1150795725888,0.000000 VESTS,0.000 STEEM,14.069 SBD,8065,unknown,1.0,0.333333333333,0.666666666667
,33163,1970-01-01T00:00:00,pillow,0,0,0.000000 VESTS,0.000 STEEM,0.000 SBD,9949,unknown,,,
,8876,2017-05-11T06:56:27,piranhax,153,999332473354,230.246307 VESTS,0.111 STEEM,0.000 SBD,6548,unknown,5.0,0.625,0.5
Artist Podcaster Creative Junkie,116304,2017-05-13T13:29:12,pitterpatter,2483,12733456977433,0.000000 VESTS,0.000 STEEM,0.455 SBD,9796,unknown,0.0,-0.375,0.45
,19745,2017-05-13T13:34:42,pizhonchik,298,1369338277432,0.000000 VESTS,0.000 STEEM,0.000 SBD,5615,unknown,0.0,0.55,1.0
Food/Photography/Games,124567,2017-05-13T13:24:30,playfulfoodie,4016,36305536720706,589.076985 VESTS,0.284 STEEM,18.348 SBD,6948,unknown,1.0,0.105666666667,0.569666666667
Entrepreneur/Educator/Blockchain Consultant,7908,2017-05-11T23:06:27,pnc,428,12749891487208,3288.080955 VESTS,1.585 STEEM,5.961 SBD,9950,unknown,2.0,0.0,0.0
,148090,2017-05-13T09:45:57,ponimayu,57,823642745239,0.000000 VESTS,0.000 STEEM,0.000 SBD,9900,unknown,0.0,0.75,0.95
"Photographer - Minimalism, Street Photography, Visual Art. Crypto Currency Enthusiast.",147207,2017-05-13T11:56:06,prakashghai,755,2669628233958,0.000000 VESTS,0.000 STEEM,39.946 SBD,9950,unknown,0.5,0.276609848485,0.627836399711
,46188,2017-05-13T03:51:36,pressfortruth,145,47032372013000,11292.476219 VESTS,5.444 STEEM,308.418 SBD,9950,unknown,45.0,0.1,0.2425
"""People from a planet without flowers would think we must be mad with joy the whole time to have such things about us.""   ~Iris Murdoch",124823,2017-05-13T07:38:03,pyrowngs,609,14846586330410,0.000000 VESTS,0.000 STEEM,7.784 SBD,8734,unknown,0.5,0.10234375,0.346875
Cryptocurrency Enthusiast / Certified Public Accountant,147266,2017-05-13T04:25:21,qwesttexas,130,1107536571644,0.000000 VESTS,0.000 STEEM,19.877 SBD,6288,unknown,1.0,0.335858585859,0.481274281274
,140321,2017-05-13T11:58:30,r1979,8,8013840019,0.000000 VESTS,0.000 STEEM,0.000 SBD,9875,unknown,0.0,0.75,1.0
,7326,1970-01-01T00:00:00,rahul,0,0,0.000000 VESTS,0.000 STEEM,0.000 SBD,10000,unknown,,,
,128081,2017-05-13T13:26:39,ramengirl,231,6918113100912,16.593689 VESTS,0.008 STEEM,199.312 SBD,9381,unknown,1.0,0.25,0.4
,153200,2017-05-13T09:24:21,ranchu7,28,8985279490,0.000000 VESTS,0.000 STEEM,0.001 SBD,9911,unknown,0.666666666667,0.211666666667,0.541944444444
"Content creator.I write about hearing loss, food, CRYPTO what I find interesting and sometimes Steemit. Always appreciate comments and a nice discussion.",14152,2017-05-13T12:31:54,razvanelulmarin,2794,64696277133668,47.706711 VESTS,0.023 STEEM,0.485 SBD,6073,unknown,0.333333333333,0.414159451659,0.599975949976
,155486,2017-05-12T08:01:27,rdcglobal,4,7195050482,0.000000 VESTS,0.000 STEEM,0.000 SBD,9950,unknown,0.0,0.2,0.4
"My passions in life are food, travel, events and movies! If you love any of these, please check out my blog! Have fun!",22109,2017-05-13T07:32:42,rea,1316,38788781430960,304.918176 VESTS,0.147 STEEM,0.651 SBD,9211,unknown,1.33333333333,0.225252525253,0.41734006734
Using my creativity to make a difference,52355,2017-05-13T11:43:12,realitycartoon,45,251346239114,0.000000 VESTS,0.000 STEEM,0.981 SBD,9950,unknown,3.0,0.4,0.7
,114140,2017-05-13T13:05:03,rebatesteem,167,8433492786284,0.000000 VESTS,0.000 STEEM,2.225 SBD,9232,unknown,0.0,0.6,1.0
"Is a Cannabis Coach, Paleo and Raw Food Enthusiast & Massage Therapist ",61547,2017-05-13T13:31:57,rebeccaryan,2701,48429189865954,275.872232 VESTS,0.133 STEEM,1.374 SBD,9869,unknown,0.5,0.379652777778,0.755555555556
Taking a DIY approach to life.,145831,2017-05-13T04:24:54,redhens,313,3010250917006,0.000000 VESTS,0.000 STEEM,20.974 SBD,9687,unknown,2.8,0.429545454545,0.617003367003
,157955,2017-05-13T11:12:15,reinaldinho,1,0,0.000000 VESTS,0.000 STEEM,0.000 SBD,9653,unknown,0.0,0.0,0.0
Video Makersperson,156299,2017-05-13T13:32:21,rerez,38,1156694301654,0.000000 VESTS,0.000 STEEM,0.000 SBD,9527,unknown,0.0,0.316666666667,0.508333333333
,94998,2017-05-12T15:08:30,revostrike,228,12253309374616,112.017286 VESTS,0.054 STEEM,0.000 SBD,9950,unknown,2.0,0.0,0.0
"Anarchist, Bitcoiner",68553,2017-05-12T20:33:30,rhino,55,161570580817,0.000000 VESTS,0.000 STEEM,0.000 SBD,8122,unknown,0.0,0.075,0.160416666667
"Nature, News, Traveling, and Cryptocurrency",52465,2017-05-13T05:58:09,richardcrill,1294,33033579344680,1508.047532 VESTS,0.727 STEEM,16.965 SBD,2972,unknown,1.6,-0.00333333333333,0.178888888889
I am just a simple guy trying to catch up with the digital world,150997,2017-05-13T11:00:33,richguy,149,602055599231,0.000000 VESTS,0.000 STEEM,0.306 SBD,9900,unknown,0.4,0.248636363636,0.380454545455
"Like most everyone I've met on here, I'm just another seeker of truth",113088,2017-05-13T12:52:36,richq11,4713,52082714655731,60.151829 VESTS,0.029 STEEM,143.444 SBD,8851,unknown,0.0,-0.129774305556,0.240873015873
Adventure Capitalist of the Future,124436,2017-05-13T13:01:15,riskdebonair,1214,35018049412861,51.855101 VESTS,0.025 STEEM,0.000 SBD,2905,unknown,0.5,0.875,0.825
Writer / Student / Artist / Poet / Eggsistentialist,83803,2017-05-12T17:57:54,robyneggs,1553,36458207146038,24115.513770 VESTS,11.626 STEEM,0.099 SBD,9285,unknown,2.0,0.0,0.0
"kitesurfer, (mobile app) developer, dad, witness, organised @steemfest",14807,2017-05-13T10:10:24,roelandp,828,107624177406153,11086.650949 VESTS,5.345 STEEM,0.000 SBD,3422,unknown,2.6,0.290875,0.418888888889
Freelance Programmer,25810,2017-05-13T11:41:39,royalmacro,2376,62111542958638,143.120095 VESTS,0.069 STEEM,25.618 SBD,6038,unknown,0.0,0.5,1.0
"Husband, Father, Game Designer, Poet, Musician, and Illustrator",41033,2017-05-13T05:55:21,rubenalexander,811,62697911315055,165.937176 VESTS,0.080 STEEM,9.669 SBD,6503,unknown,2.0,0.25,0.333333333333
,148736,2017-05-13T12:58:48,ruddyred7,26,105597222548,5588.385995 VESTS,2.692 STEEM,0.000 SBD,9950,unknown,0.0,0.6,1.0
,157246,2017-05-12T16:09:18,rvale88,2,9882759265,0.000000 VESTS,0.000 STEEM,0.000 SBD,10000,unknown,0.0,0.0,0.0
,71671,2017-05-13T06:09:21,rynow,2655,56710902845469,9056.269160 VESTS,4.366 STEEM,0.238 SBD,4457,unknown,1.0,0.106534090909,0.727272727273
,79782,2017-05-13T13:12:21,saiku,747,3925034135251,10.371038 VESTS,0.005 STEEM,0.724 SBD,8924,unknown,0.2,0.221833333333,0.519166666667
,50565,2017-05-13T11:56:45,sammie,59,807841625486,746.734973 VESTS,0.360 STEEM,0.110 SBD,9950,unknown,0.0,0.0,0.0
"Diving deep into Crypto Currency and Bitcoin, Tech, Travel & Lifestyle. ",143340,2017-05-13T08:03:15,sandstorm,2637,4256675009353,0.000000 VESTS,0.000 STEEM,29.609 SBD,3863,unknown,0.0,0.329583333333,0.808333333333
A Tech Enthusiast and A Philosopher at Heart,22080,2017-05-13T11:12:09,sauravrungta,3354,228730560738201,0.000000 VESTS,0.000 STEEM,0.099 SBD,8026,unknown,0.0,0.269345238095,0.442261904762
,10320,2017-05-13T12:41:30,scalextrix,378,563885632449,0.000000 VESTS,0.000 STEEM,0.000 SBD,9907,unknown,3.0,-0.366666666667,0.766666666667
My goal with Scaredycatguide is to provide financial education to those who are  risk averse,36988,2017-05-13T05:13:33,scaredycatguide,1706,35235485918354,0.000000 VESTS,0.000 STEEM,6.779 SBD,9042,unknown,5.0,0.566666666667,0.733333333333
I like coffee.,75232,2017-05-13T13:29:03,schattenjaeger,1405,67403479168689,0.000000 VESTS,0.000 STEEM,0.000 SBD,9717,unknown,2.0,0.0175,0.2775
,156963,2017-05-13T08:38:21,schoolshout,3,1850322428,0.000000 VESTS,0.000 STEEM,0.000 SBD,9950,unknown,1.0,0.25,0.0666666666667
Transcendent Lifeform,112103,2017-05-13T03:56:24,seablue,1784,10001749226359,11547.204794 VESTS,5.567 STEEM,0.000 SBD,6393,unknown,1.0,0.266666666667,0.45
,141699,2017-05-13T13:35:18,seongbuk,73,4971270190282,0.000000 VESTS,0.000 STEEM,184.392 SBD,3807,unknown,0.0,0.0,0.0
,138930,2017-05-13T02:46:51,sevinwilson,857,3727935174573,0.000000 VESTS,0.000 STEEM,17.147 SBD,8247,unknown,5.6,0.225833333333,0.458333333333
I am professional blogger.,29433,2017-05-13T13:01:36,shaheer001,795,1842692617193,0.000000 VESTS,0.000 STEEM,8.777 SBD,9900,unknown,3.5,0.795833333333,0.891666666667
Human curator - Photography enthusiast - Steemizen,28347,2017-05-11T21:02:30,shaka,1397,47198952307979,1207882.648595 VESTS,582.188 STEEM,12.248 SBD,9296,unknown,3.0,0.25,0.75
"Game developer, illustrator, YouTube bloviator, philosopher, peaceful parent. I made Blobfish Evolution.",16027,2017-05-13T08:17:54,shayne,2060,26365572513225,448.027386 VESTS,0.216 STEEM,20.740 SBD,4595,unknown,1.07142857143,0.277886904762,0.41880952381
,153307,2017-05-13T02:28:06,shepdog,4,3383935879,0.000000 VESTS,0.000 STEEM,0.000 SBD,9793,unknown,4.0,0.1,0.5
,153497,2017-05-13T12:18:18,shippers,27,48875380929,0.000000 VESTS,0.000 STEEM,0.000 SBD,8617,unknown,1.0,0.05,0.191666666667
Photographer and Salsa Dancer,70512,2017-05-11T15:39:42,siavach,288,21844489722146,162439.094121 VESTS,78.310 STEEM,0.029 SBD,9925,unknown,6.0,0.25,0.6
Human |  Geek | That Positive Guy | Love Connecting! :) Following almost everyone. Please follow if you like technology / gadget / philosophy. :),151602,2017-05-13T13:33:33,sidwrites,402,1114572339947,0.000000 VESTS,0.000 STEEM,0.030 SBD,8959,unknown,1.1,0.451549107143,0.73418452381
,157141,2017-05-13T05:39:36,sighmanjestah,5,3525617495,0.000000 VESTS,0.000 STEEM,0.000 SBD,9682,unknown,1.0,-0.133333333333,0.716666666667
normal functioning member of the human race,154326,2017-05-13T06:31:45,signalnoise,9,39491539457,0.000000 VESTS,0.000 STEEM,0.000 SBD,9918,unknown,0.0,0.184343434343,0.373737373737
"A motivational segment ""LIVE"" on Thursdays. Un segmento motivacional ""En Vivo"" los martes. 7:00 pm CST.",152117,2017-05-13T08:16:45,sigraves,23,11666060854,0.000000 VESTS,0.000 STEEM,0.000 SBD,9943,unknown,2.0,0.65,0.50625
"Minimalist,  traveler,  anarchist, mother.",146678,2017-05-12T19:07:27,siketang,23,34750364655,0.000000 VESTS,0.000 STEEM,0.173 SBD,9950,unknown,1.0,1.0,1.0
,154792,2017-05-13T11:01:27,silverbug,114,58451161303,0.000000 VESTS,0.000 STEEM,0.000 SBD,4233,unknown,0.5,0.25,0.5
,48696,2017-05-13T04:36:30,silverbug2000,47,2105453469033,4.148480 VESTS,0.002 STEEM,0.412 SBD,9864,unknown,0.0,0.351428571429,0.47
,152414,2017-05-12T17:31:09,silvertom1,44,142609381557,0.000000 VESTS,0.000 STEEM,0.000 SBD,9950,unknown,0.0,0.375,0.825
,91130,2017-05-13T12:26:18,simonjay,3132,20432360369383,920.948908 VESTS,0.444 STEEM,22.316 SBD,9372,unknown,2.0,0.4375,0.5375
SAHM of 2 kiddos,157698,2017-05-13T03:06:03,simplyrose,1,233190000395,0.000000 VESTS,0.000 STEEM,0.000 SBD,9792,happiness,265.0,0.195698051948,0.581785714286
,128108,2017-05-13T09:15:03,sireastbound,43,452412439017,199.125341 VESTS,0.096 STEEM,2.228 SBD,9950,unknown,0.0,-0.0625,0.55
V.O.T.U. Saru Pirate King,95198,2017-05-13T10:27:54,sirlunchthehost,857,40638901024408,39.410584 VESTS,0.019 STEEM,7.011 SBD,9400,unknown,2.0,0.285714285714,0.535714285714
"Im an engineer that produces music and trades in the markets.  Im very much a gold and crypto ""bug"".",156548,2017-05-12T17:06:51,sjovmaiin,11,3105850627,0.000000 VESTS,0.000 STEEM,0.000 SBD,9950,unknown,2.0,0.625,1.0
"Ex-teacher, current student.",157104,2017-05-13T13:11:30,sleepypanda,33,89969971312,0.000000 VESTS,0.000 STEEM,0.000 SBD,9449,unknown,0.333333333333,0.275,0.7
,16019,2017-05-13T12:45:48,slowwalker,1185,39621852643902,26083.101087 VESTS,12.575 STEEM,0.206 SBD,6139,unknown,3.66666666667,0.533333333333,0.5
,149067,2017-05-13T11:12:00,sluideain,19,3770733101,29.038890 VESTS,0.014 STEEM,0.000 SBD,9807,unknown,0.0,0.955,0.765
,70316,2017-05-13T04:42:09,smooths,3,837973,0.000000 VESTS,0.000 STEEM,0.000 SBD,9950,unknown,0.0,0.187272727273,0.462337662338
Virtue is its own punishment. sneak@sneak.berlin,51060,2017-05-12T00:02:33,sneak,745,23173783691730,257.215687 VESTS,0.124 STEEM,118.978 SBD,9805,unknown,9.0,0.1875,0.333333333333
Travel/Photography/Food/Writing,99468,2017-05-13T07:18:45,snooway,708,27235613577647,0.000000 VESTS,0.000 STEEM,5.959 SBD,9881,unknown,0.0,0.0,0.0
,32490,2017-05-13T02:48:15,snowflake,1278,22702510639360,12094.677501 VESTS,5.831 STEEM,8.015 SBD,6151,unknown,6.0,0.409090909091,0.613636363636
,97966,2017-05-13T13:34:15,sochul,1987,69187965165730,2148.873059 VESTS,1.036 STEEM,75.239 SBD,9838,unknown,9.41176470588,0.07424982493,0.133361344538
Canadian Living in China.  Advocate for a Sustainable Future. Crypto Enthusiast.,42568,2017-05-13T13:29:42,solarguy,3808,43261732784810,1582.639521 VESTS,0.763 STEEM,10.717 SBD,6730,unknown,0.5,0.5375,0.5875
,120517,2017-05-13T03:06:51,someonewhoisme,245,779937084891,11063.796876 VESTS,5.334 STEEM,4.492 SBD,5690,unknown,23.0,0.0464161706349,0.319246031746
Musician | Alternaute | @steemquebec | BlockchainCoop,114133,2017-05-13T05:08:24,soushi888,234,5580778141644,68.449280 VESTS,0.033 STEEM,0.000 SBD,7402,unknown,2.0,0.125,0.6
"Daydreamer, Freak, Gamer, Undergraduate student",31320,2017-05-13T10:53:33,starbrush,104,19799578610098,4362.065092 VESTS,2.103 STEEM,135.748 SBD,6874,unknown,0.0,0.5,1.0
The wiki about all steem related things,123710,2017-05-12T18:53:09,steemcenterwiki,119,1590161575902,17959.322710 VESTS,8.658 STEEM,3.449 SBD,9950,unknown,0.0,0.441666666667,0.333333333333
,70423,2017-05-13T06:36:03,steemcleaners,6429,184813227215760,445255.787903 VESTS,214.649 STEEM,275.074 SBD,8525,unknown,225.0,0.105692640693,0.347229437229
Play games and win steem,114014,2017-05-13T13:10:36,steemcollator,789,1400042487468,12.445252 VESTS,0.006 STEEM,0.000 SBD,9756,unknown,0.0,0.0,0.0
"""Everyone Has Something To Offer!"" Let's See What 5,000 SteemGigs Will Do For Steemit's Beauty!",150754,2017-05-13T06:00:57,steemgigs,199,1523652326912,0.000000 VESTS,0.000 STEEM,56.305 SBD,9914,unknown,0.666666666667,0.375,0.366666666667
ÎÇòÎäî ÏûëÏùÄ ÏãúÏù∏Ïù¥Í≥† Ïã∂ÏäµÎãàÎã§,132935,2017-05-13T09:23:51,steemitpoem,119,10474451287705,0.000000 VESTS,0.000 STEEM,0.000 SBD,9800,unknown,0.0,0.0,0.0
SteemIt Marketer and Community Builder contact me for Marketing help on your SteemIt project.,35217,2017-05-13T07:10:21,steemitqa,2603,6567339086319,15291.283756 VESTS,7.372 STEEM,12.570 SBD,8417,unknown,2.27777777778,0.617113095238,0.677645502646
,34919,2016-09-07T23:04:06,steemnews,75,383650129482,0.000000 VESTS,0.000 STEEM,10.993 SBD,9659,unknown,,,
,113228,2017-05-12T12:20:36,steemquestions,58,189365814110,3483.570313 VESTS,1.679 STEEM,0.037 SBD,7954,unknown,5.0,0.6,0.675
Chef - Patisseur - Farmer - Poolplayer - Pokerplayer - Emotional Therapist - Meditation -  Guinea pig lover -  Law of Attraction,109250,2017-05-13T10:29:54,steemspoker,713,11526694048778,0.000000 VESTS,0.000 STEEM,4.719 SBD,8539,unknown,1.0,0.0,0.0
,1631,2017-05-11T18:00:45,steemychicken1,308,15242655372769,0.000000 VESTS,0.000 STEEM,0.591 SBD,9916,unknown,0.0,0.0,0.0
Geeky guitarist and only Steemian in the village,44459,2017-05-13T13:18:18,steevc,8140,89265939362397,599.445689 VESTS,0.289 STEEM,14.149 SBD,5878,unknown,1.57142857143,0.181597222222,0.459325396825
I have researched the magic shapes of the happiness no one escapes.,11411,2017-05-13T03:25:42,stellabelle,9292,332269772137252,139498.405242 VESTS,67.254 STEEM,7.745 SBD,5207,unknown,0.571428571429,0.117971441823,0.282361516035
,157893,2017-05-13T08:28:06,stemit2016rabbit,5,0,0.000000 VESTS,0.000 STEEM,0.000 SBD,9844,unknown,0.0,0.0,0.0
"Curmudgeon General, quasi-academic, and  cynico-ptimist ""The urge to save humanity is almost always a false front for the urge to rule"" /Mencken",43046,2017-05-13T05:19:45,stevescoins,2613,40241859610422,0.000000 VESTS,0.000 STEEM,33.099 SBD,9302,unknown,0.0,0.0,0.2
I'm just alien. Is that a bad thing? BTW I'm also stranded! ,145709,2017-05-13T04:49:21,strandedalien,72,670836048433,0.000000 VESTS,0.000 STEEM,0.000 SBD,9853,unknown,1.0,0.233333333333,0.966666666667
Writing our way to a better tomorrow.,16509,2017-05-13T09:43:00,strangerarray,904,17542793433096,114.081536 VESTS,0.055 STEEM,0.008 SBD,9878,unknown,0.0,0.0,0.0
I capture the world one pic at a time and share thoughts about various topics. Stick around!!!,27152,2017-05-13T13:03:00,sulev,1767,56685245078431,33.187270 VESTS,0.016 STEEM,4.555 SBD,5360,unknown,1.25,0.373390151515,0.427083333333
I am a writer and a poet and I love to create!,127490,2017-05-13T05:59:06,sumsum,1188,13686074355874,6.222625 VESTS,0.003 STEEM,0.000 SBD,9596,unknown,0.666666666667,0.362769274376,0.72029478458
"Passionate surfer girl, outdoors lover & vlogger",33187,2017-05-13T12:14:54,surfermarly,3789,100635133057187,709.391408 VESTS,0.342 STEEM,2.782 SBD,8560,unknown,0.0,0.73828125,0.8
I am out to inspire the inspirers of steemit! #steemitisbeautiful,79076,2017-05-13T06:32:30,surpassinggoogle,2315,36880728633141,174.234478 VESTS,0.084 STEEM,387.439 SBD,9432,unknown,31.8888888889,0.0880489907644,0.436866579889
Looking to future and loving the past! ,153071,2017-05-11T19:29:27,surpriseattack,20,59648980678,0.000000 VESTS,0.000 STEEM,0.000 SBD,9919,unknown,0.0,1.0,0.75
"I'm Sweet, Delicious and Opinionated. I blog about Life, Food, Travel, Culture, Fashion and Cats!",45123,2017-05-13T13:36:48,sweetsssj,2330,246044311254568,29575.216154 VESTS,14.258 STEEM,2171.453 SBD,6938,neutral,18.8,0.247846127087,0.475668275728
"I make random content about things which interest me, any like minded people are welcome to join me on this exuberant spinning ball hurling through the cosmos.",150969,2017-05-13T05:43:03,swism,79,1347865970176,0.000000 VESTS,0.000 STEEM,0.000 SBD,9814,unknown,0.0,1.0,1.0
,122518,2017-05-13T03:58:39,swolesome,201,782317641938,0.000000 VESTS,0.000 STEEM,0.515 SBD,9892,unknown,0.0,0.0,0.0
,122894,2017-05-13T03:13:39,tamim,690,19372484764531,2192.430681 VESTS,1.057 STEEM,0.000 SBD,4557,unknown,0.0,0.0,0.0
,54074,2017-05-13T13:35:09,team101,3153,2590981269954,0.000000 VESTS,0.000 STEEM,7.716 SBD,9757,unknown,1.35294117647,0.302228163993,0.355570409982
,9265,2017-05-13T04:12:51,teamsteem,2496,65434329734231,15979.932266 VESTS,7.704 STEEM,16.959 SBD,7933,unknown,0.5,0.297783489658,0.402094656886
,32651,1970-01-01T00:00:00,tee,0,0,0.000000 VESTS,0.000 STEEM,0.000 SBD,10000,unknown,,,
,4435,2016-08-24T23:07:15,the,1,0,0.000000 VESTS,0.000 STEEM,0.001 SBD,9950,unknown,,,
,109122,2017-05-11T10:41:00,thealeczander,22,646051309534,0.000000 VESTS,0.000 STEEM,0.031 SBD,9950,unknown,1.5,0.75,1.0
"""I can be changed by what happens to me. But I refuse to be reduced by it.""",29990,2017-05-12T23:30:48,thebluepanda,1456,35229415654337,0.000000 VESTS,0.000 STEEM,0.419 SBD,9940,unknown,4.0,1.0,1.0
"Medic.  Lover of art, science and freedom.  Cryptocurrency enthusiast.",10935,2017-05-13T13:25:36,thecryptofiend,15041,277957765125728,112.006884 VESTS,0.054 STEEM,0.925 SBD,9337,neutral,21.0357142857,0.219276043418,0.49542279671
,154740,2017-05-13T02:17:54,thefactfactory,61,24452207498,0.000000 VESTS,0.000 STEEM,0.000 SBD,8858,unknown,1.0,0.55,1.0
,125107,2017-05-13T13:23:12,thelightreports,893,14312512744527,0.000000 VESTS,0.000 STEEM,0.090 SBD,7366,unknown,0.0,0.366428571429,0.572619047619
Still thinking of what to say,156731,2017-05-12T23:36:30,thelordsfinest,12,26576338420,0.000000 VESTS,0.000 STEEM,0.000 SBD,8041,unknown,1.0,0.0,0.0
"Daily living in and around Cape Town, Dining Out and Music",31644,2017-05-13T09:37:09,themagus,1183,46214396442091,4636.006188 VESTS,2.235 STEEM,8.723 SBD,7642,unknown,0.0,0.0,0.0
Student of Money,48424,2017-05-12T15:22:57,themonetaryfew,64,109338079299,8491.977284 VESTS,4.094 STEEM,1.405 SBD,4363,unknown,2.0,0.0,0.0
I make music,33012,2017-05-11T18:09:42,thisisbenbrick,248,47900916104719,0.000000 VESTS,0.000 STEEM,0.000 SBD,9950,unknown,36.0,0.0,0.0
The official ThisTookMyMoney steemit account. We'll show you all the cool things we feature plus other nifty and geeky items that you never thought existed,157824,2017-05-13T08:18:09,thistookmymoney,8,52737104154,0.000000 VESTS,0.000 STEEM,0.000 SBD,9931,unknown,0.0,0.138492063492,0.420337301587
,153951,2017-05-13T05:14:33,thomaspu,8,10344927379,0.000000 VESTS,0.000 STEEM,0.000 SBD,9950,unknown,2.0,0.128888888889,0.277777777778
Freedom through self reliance. Aspiring mountaineer and explorer. Cryptocurrency investor.,141504,2017-05-13T12:24:45,throughmyeyes,107,1325686487945,302.836295 VESTS,0.146 STEEM,41.811 SBD,9154,unknown,0.0,0.373637820513,0.540705128205
‚ö°Fan of creative destructionüë§@pipes,55143,2017-05-12T22:15:21,tibonova,533,10329608339831,4254.904170 VESTS,2.051 STEEM,0.009 SBD,9950,unknown,5.0,0.435714285714,0.6
Scientist - creative mind - crypto enthusiast - photographer,31073,2017-05-12T15:56:12,timsaid,1747,99272769384715,771.647808 VESTS,0.372 STEEM,0.000 SBD,6459,unknown,0.333333333333,0.166666666667,0.333333333333
"My philosophy of life: Appreciate simple things, enjoy the silence, be always positive.",135600,2017-05-13T04:36:42,tincho,1509,8379072478738,68.449076 VESTS,0.033 STEEM,0.000 SBD,3389,unknown,1.0,0.0927676490176,0.445173992674
,154452,2017-05-13T13:19:18,tlester,37,115023633536,0.000000 VESTS,0.000 STEEM,0.000 SBD,9950,unknown,0.0,0.375,0.625
,120579,2017-05-12T15:53:30,tofm2,118,428660801182,0.000000 VESTS,0.000 STEEM,44.068 SBD,9702,unknown,0.0,0.0,0.0
"I am pretty glad that I joined Steemit, following you and looking forward to more!",110130,2017-05-13T12:57:18,tonyson4078,55,116082964756,37.335597 VESTS,0.018 STEEM,0.001 SBD,8682,unknown,1.66666666667,0.288888888889,0.477777777778
cartoonist,146104,2017-05-13T13:01:48,toonpunk,251,2961989928037,0.000000 VESTS,0.000 STEEM,0.649 SBD,9789,unknown,4.0,0.5,0.75
,152845,2017-05-13T03:17:33,tothemoon,41,107644205999,0.000000 VESTS,0.000 STEEM,0.000 SBD,9950,unknown,0.0,0.5,1.0
,156436,2017-05-13T13:07:09,towlie2110,5,37292228,0.000000 VESTS,0.000 STEEM,0.000 SBD,9950,unknown,0.0,0.308333333333,0.4
,155038,2017-05-12T22:58:57,toxi,25,33348255458,0.000000 VESTS,0.000 STEEM,0.000 SBD,9803,unknown,1.4,0.197157287157,0.315555555556
"Satirical columnist and political commentator - If you think self upvoting is lame, I made multiple Tinder profiles just so I could right swipe myself ",140112,2017-05-13T09:38:27,trafalgar,596,12898389458266,956025.005727 VESTS,460.860 STEEM,26.025 SBD,9404,unknown,3.4,0.000847883597884,0.513564814815
,8649,1970-01-01T00:00:00,trevor,0,0,0.000000 VESTS,0.000 STEEM,0.000 SBD,10000,unknown,,,
,157820,2017-05-13T05:02:21,truthmedia,1,180309124,0.000000 VESTS,0.000 STEEM,0.000 SBD,9948,unknown,5.0,0.179481792717,0.534243697479
,156907,2017-05-12T09:58:12,tuoepiw00,3,2505417269,0.000000 VESTS,0.000 STEEM,0.000 SBD,9950,unknown,1.0,-0.425,1.0
the twinner stakes it all,29683,2017-05-13T12:36:30,twinner,1679,37817788590616,4803.857629 VESTS,2.316 STEEM,6.450 SBD,8358,unknown,2.0,0.0,0.0
,31395,2017-05-13T13:29:36,twitterbot,4220,2117698466395,5008.059191 VESTS,2.412 STEEM,4.010 SBD,9948,unknown,0.454545454545,0.078305785124,0.22238292011
The Life of a Undocumented person in the USA.,151251,2017-05-13T13:23:03,undocumented,30,446966396868,0.000000 VESTS,0.000 STEEM,0.000 SBD,9950,unknown,1.5,0.602777777778,0.543518518519
"I love life! I like cheerful people. Invest in Ripple, Syscoin and Lisk. My dream to buy a car to my mother.",125855,2017-05-13T09:53:03,unlovedgirl,34,150319372043,0.000000 VESTS,0.000 STEEM,0.017 SBD,9809,unknown,2.0,0.6,1.0
Traveller between the disciplines of marketing - communications - social media - sales and more.,51956,2017-05-13T11:35:51,uwelang,5643,65559507688720,1362.752745 VESTS,0.657 STEEM,71.557 SBD,7750,unknown,1.33333333333,0.622077922078,0.620616883117
- Muckraker - Conspiracy Analyst - ,113415,2017-05-13T12:48:39,v4vapid,574,29461564933585,43.558287 VESTS,0.021 STEEM,19.157 SBD,6493,unknown,1.0,0.388636363636,0.618181818182
"I tend to post random and various topics, but at the moment just starting out on steemit.    :)",155907,2017-05-13T04:33:18,variously,22,2287738087,0.000000 VESTS,0.000 STEEM,0.000 SBD,9903,unknown,0.0,0.0,0.0
Health | Motivation | Music | Sciences | YouTube | Food | Travelling | Follow me to be a part of this Awesome crypto journey in the plane named steemit,139586,2017-05-13T12:23:51,varunsangwan,354,275905003478,0.000000 VESTS,0.000 STEEM,0.000 SBD,9279,unknown,1.125,0.193154761905,0.545758928571
"Chef, Crypto believer, Steemit lover, Creative mind.",10961,2017-05-13T07:04:36,verelst,200,4220298515856,89.191234 VESTS,0.043 STEEM,0.000 SBD,3888,unknown,0.0,0.3625,0.691666666667
,42056,2017-05-13T07:06:54,virtualgrowth,7393,94773064573101,70697.241949 VESTS,34.084 STEEM,0.000 SBD,7682,unknown,8.30769230769,0.219230769231,0.409865689866
curious urbanist . artist . architect _ co-founder of @hitheryon,104262,2017-05-12T21:27:03,voronoi,1726,46133122576641,1518.357713 VESTS,0.732 STEEM,6.860 SBD,5517,unknown,2.0,0.28630952381,0.664583333333
"Gardening,  fitness, metal and cryptocurrencies",156347,2017-05-11T19:17:15,wallywalvis,2,0,0.000000 VESTS,0.000 STEEM,0.000 SBD,9904,unknown,0.0,0.444444444444,0.605555555556
I am an happy guys working as Vet in UK. Originally from Italy. ,25424,2017-05-13T12:29:12,webdeals,1149,17470603400372,10.371044 VESTS,0.005 STEEM,2.583 SBD,9032,unknown,1.0,0.45416724537,0.63606712963
A place for original sci fi stories and geeky awesomeness ,105709,2017-05-12T08:46:03,whatageek,1299,47285961990272,976.978438 VESTS,0.471 STEEM,31.918 SBD,9905,unknown,0.0,0.25,1.0
,43109,2017-05-12T21:48:27,wisbeech,54,186526340162,0.000000 VESTS,0.000 STEEM,0.066 SBD,9812,unknown,0.333333333333,0.0,0.125
Colours of my Vision,151761,2017-05-13T13:01:12,wreckognize,124,580069269845,0.000000 VESTS,0.000 STEEM,0.000 SBD,9950,unknown,0.5,0.06875,0.2
Nerd/Gamer/Veteran/Nurse/Dad,91125,2017-05-13T05:47:21,wwamd,110,403930697206,0.000000 VESTS,0.000 STEEM,0.000 SBD,9794,unknown,0.230769230769,0.0405672105672,0.467021901709
,21364,2017-05-13T07:09:00,xcynosure,90,997019377149,0.000000 VESTS,0.000 STEEM,1.721 SBD,9950,unknown,1.0,0.0,0.0
Silver Stacking,157723,2017-05-13T05:34:48,xinliu82,9,197809607,0.000000 VESTS,0.000 STEEM,0.000 SBD,6669,unknown,0.6,-0.04,0.16
World traveler. Likes Asian curiosities and technology.,24106,2017-05-13T08:52:03,yogi,579,22370508469362,3825.354098 VESTS,1.844 STEEM,0.043 SBD,9905,unknown,,,
,66731,2017-05-13T11:59:30,yuriks2000,109,471602881725,0.000000 VESTS,0.000 STEEM,1.386 SBD,9914,unknown,0.5,0.325520833333,0.316666666667
,156499,2017-05-12T21:20:39,z3r0gr4vity,6,4785627210,0.000000 VESTS,0.000 STEEM,0.000 SBD,10000,unknown,0.0,0.65,0.7
Decentralized Micro-Blogging,151070,2017-05-13T07:01:33,zappl,158,2999582789250,0.000000 VESTS,0.000 STEEM,125.323 SBD,6147,unknown,36.2173913043,0.212784090909,0.308519982433
,152826,2017-05-13T04:02:00,zekarde,38,74795426758,0.000000 VESTS,0.000 STEEM,0.000 SBD,9406,unknown,1.0,0.5,0.75
Human Resource Development      Finance     Photography,103296,2017-05-13T09:09:06,zhanmusi,164,5407711153512,0.000000 VESTS,0.000 STEEM,0.000 SBD,9712,unknown,3.0,0.195833333333,0.408333333333
