rec,snd
acidyo,artem
acidyo,automaton
acidyo,denmarkguy
acidyo,eirik
acidyo,jcsteem
acidyo,lifeworship
acidyo,lil4a
acidyo,nepd
acidyo,olga
acidyo,onetree
acidyo,rahul
acidyo,sevinwilson
acidyo,signalnoise
acidyo,someonewhoisme
acidyo,team101
acidyo,trafalgar
andrarchy,andu
andrarchy,arnel
andrarchy,automaton
andrarchy,betamusic
andrarchy,bleepcoin
andrarchy,blocklab
andrarchy,businesswri
andrarchy,cm
andrarchy,dawidrams
andrarchy,demotruk
andrarchy,digicrypt
andrarchy,doitvoluntarily
andrarchy,dragon40
andrarchy,goldmatters
andrarchy,heymattsokol
andrarchy,hms818
andrarchy,izzi
andrarchy,juvyjabian
andrarchy,kcnnews
andrarchy,kendewitt
andrarchy,konelectric
andrarchy,luzcypher
andrarchy,mkdouglas
andrarchy,moon32walker
andrarchy,nano2nd
andrarchy,noisy
andrarchy,onealfa
andrarchy,richardcrill
andrarchy,richq11
andrarchy,sleepypanda
andrarchy,stellabelle
andrarchy,stevescoins
andrarchy,tamim
andrarchy,team101
andrarchy,teamsteem
andrarchy,tincho
andrarchy,twitterbot
andrarchy,uwelang
andrarchy,verelst
andrarchy,yogi
andrarchy,zappl
busy,aaronbaird39
busy,aashishkandel
busy,adroitful
busy,alfarisi
busy,allyinspirit
busy,andersokohler
busy,arcange
busy,ariafliandi
busy,automaton
busy,azzurra92
busy,balajis
busy,barvon
busy,bisnis
busy,buzzbeergeek
busy,calmhands
busy,carmine
busy,cryptoctopus
busy,dimarss
busy,ekitcho
busy,eric
busy,ethereumexchange
busy,fabien
busy,firesteem
busy,foways
busy,guest123
busy,hellogelt83
busy,hien
busy,huku
busy,isteemit
busy,jamhuery
busy,jamtaylor
busy,jeremydiouf
busy,johnsmith
busy,jyezie
busy,kamill
busy,krishatnet
busy,lazariko12
busy,lukestokes
busy,mammasitta
busy,michaeladamparis
busy,midnight
busy,motoko114
busy,mweich
busy,ogoowinner
busy,pitterpatter
busy,pnc
busy,prakashghai
busy,shaka
busy,siavach
busy,sjovmaiin
busy,slowwalker
busy,snowflake
busy,someonewhoisme
busy,stellabelle
busy,team101
busy,teamsteem
busy,thefactfactory
busy,thelordsfinest
busy,themonetaryfew
busy,tibonova
busy,tonyson4078
busy,toxi
busy,twinner
busy,undocumented
busy,webdeals
busy,wwamd
busy,xinliu82
cherrygirl04,dimarss
cherrygirl04,saiku
cherrygirl04,wwamd
cryptoctopus,blocklab
cryptoctopus,bryan
cryptoctopus,eric
cryptoctopus,kus
cryptoctopus,leanvix
cryptoctopus,lukestokes
cryptoctopus,ogoowinner
cryptoctopus,steemitqa
cryptoctopus,zappl
donkeypong,aadyashakti
donkeypong,adrianobalan
donkeypong,azzurra92
donkeypong,brackf2
donkeypong,bullionstackers
donkeypong,clayboyn
donkeypong,countryinspired
donkeypong,creatr
donkeypong,dll
donkeypong,elishagautam
donkeypong,englishtchrivy
donkeypong,firesteem
donkeypong,gabrielmrpr
donkeypong,hanshotfirst
donkeypong,harferri
donkeypong,housewhisper
donkeypong,isteemit
donkeypong,jcsteem
donkeypong,jeepjk13
donkeypong,jhdisenos
donkeypong,jrcornel
donkeypong,liatrissaga
donkeypong,liberosist
donkeypong,madlenfox
donkeypong,mbrownvn
donkeypong,okan35
donkeypong,orlovacanin
donkeypong,paradise
donkeypong,qwesttexas
donkeypong,simonjay
donkeypong,slowwalker
donkeypong,strandedalien
donkeypong,team101
donkeypong,tincho
donkeypong,tuoepiw00
donkeypong,voronoi
donkeypong,webdeals
edgarsart,cryptocash
edgarsart,jcsteem
ericvancewalton,aggroed
ericvancewalton,agorisms
ericvancewalton,business
ericvancewalton,entice
ericvancewalton,eric
ericvancewalton,jamhuery
ericvancewalton,jeezzle
ericvancewalton,jeff
ericvancewalton,kyriacos
ericvancewalton,redhens
ericvancewalton,team101
fisteganos,andrarchy
fisteganos,andu
fisteganos,andytherbg
fisteganos,auroralyrayoga
fisteganos,bilbop
fisteganos,boomerangbread
fisteganos,bugavi
fisteganos,buzzbeergeek
fisteganos,cryptokingz
fisteganos,dll
fisteganos,doitvoluntarily
fisteganos,eggcasual
fisteganos,evilhustler
fisteganos,framelalife
fisteganos,j3dy
fisteganos,jedau
fisteganos,kanedizzle08
fisteganos,kus
fisteganos,lenatramper
fisteganos,lexikon082
fisteganos,lighteye
fisteganos,orlovacanin
fisteganos,richguy
fisteganos,riskdebonair
fisteganos,scaredycatguide
fisteganos,seablue
fisteganos,sidwrites
fisteganos,sigraves
fisteganos,steemgigs
fisteganos,steevc
fisteganos,stellabelle
fisteganos,team101
fisteganos,verbal
fubar,jacobts
fubar,steevc
fubar,swism
furion,aashishkandel
furion,azzurra92
furion,barvon
furion,blocklab
furion,digicrypt
furion,flyasfuq
furion,hien
furion,hiroyamagishi
furion,jamhuery
furion,javirid
furion,jdc
furion,justtryme90
furion,krishatnet
furion,kus
furion,oluwoleolaide
furion,penguinpablo
furion,prakashghai
furion,rahul
furion,rerez
furion,ruddyred7
furion,sidwrites
furion,slowwalker
furion,someonewhoisme
furion,steemquestions
furion,sulev
furion,surpassinggoogle
furion,team101
furion,the
furion,tofm2
furion,tonyson4078
gavvet,aggroed
gavvet,akiyoshi
gavvet,anri
gavvet,arcange
gavvet,arjunmartavela
gavvet,automaton
gavvet,azfix
gavvet,barrydutton
gavvet,barvon
gavvet,bleujay
gavvet,dawidrams
gavvet,demotruk
gavvet,ebryans
gavvet,edje
gavvet,elenka
gavvet,eric
gavvet,freebornsociety
gavvet,goldmatters
gavvet,hellogelt83
gavvet,hiroyamagishi
gavvet,jamhuery
gavvet,jawaida
gavvet,juvyjabian
gavvet,kevinwong
gavvet,kus
gavvet,larutanton
gavvet,liberian
gavvet,luminousvisions
gavvet,mars9
gavvet,meesterboom
gavvet,mrfoot
gavvet,nebcat
gavvet,noganoo
gavvet,paleotreats
gavvet,prakashghai
gavvet,rahul
gavvet,rebatesteem
gavvet,rhino
gavvet,royalmacro
gavvet,shaheer001
gavvet,shayne
gavvet,sidwrites
gavvet,silvertom1
gavvet,sulev
gavvet,team101
gavvet,thisisbenbrick
gavvet,thistookmymoney
gavvet,tofm2
gavvet,trafalgar
gringalicious,hanshotfirst
gringalicious,kristinaljfom
gringalicious,meysam
gringalicious,pepe
gringalicious,rea
gtg,alexcodes
gtg,asdeoros
gtg,bbkoopsta
gtg,gargon
gtg,jeff
gtg,juanmiguelsalas
gtg,marcusxman
gtg,matt
gtg,mtsmayad
gtg,okkiedot
gtg,team101
gtg,thebluepanda
gtg,toonpunk
gtg,twitterbot
gtg,voronoi
infovore,addicted7abinash
infovore,aggroed
infovore,arcange
infovore,brianadams
infovore,brooklynaf
infovore,buzzbeergeek
infovore,dawidrams
infovore,englishtchrivy
infovore,entice
infovore,eric
infovore,fairytalelife
infovore,firesteem
infovore,gabrielmrpr
infovore,good
infovore,happyphoenix
infovore,hellogelt83
infovore,ingloriousaction
infovore,jawaida
infovore,kyusho
infovore,libert
infovore,lukekelley
infovore,ogoowinner
infovore,orenshani7
infovore,ramengirl
infovore,shaheer001
infovore,sumsum
infovore,team101
infovore,thealeczander
infovore,towlie2110
infovore,unlovedgirl
infovore,wallywalvis
infovore,webdeals
infovore,z3r0gr4vity
joseph,acidyo
joseph,arnel
joseph,azurejasper
joseph,cnsaad
joseph,contentjunkie
joseph,cryptoreport
joseph,f88steyrr
joseph,galactic123
joseph,intelliguy
joseph,j
joseph,jamhuery
joseph,jcsteem
joseph,johndogett
joseph,lost
joseph,lpfaust
joseph,penguinpablo
joseph,prakashghai
joseph,shayne
joseph,strangerarray
joseph,themagus
joseph,thistookmymoney
joseph,thomaspu
jrcornel,a
jrcornel,barvon
jrcornel,breezin
jrcornel,brianphobos
jrcornel,daisyd
jrcornel,digestingreality
jrcornel,dll
jrcornel,englishtchrivy
jrcornel,enjoywithtroy
jrcornel,eric
jrcornel,fernwehninja
jrcornel,firesteem
jrcornel,hanny
jrcornel,hansikhouse
jrcornel,intothewild
jrcornel,kyriacos
jrcornel,lauralemons
jrcornel,liatrissaga
jrcornel,newsjunkie
jrcornel,nicnas
jrcornel,omarrium
jrcornel,prakashghai
jrcornel,richq11
jrcornel,sireastbound
jrcornel,team101
jrcornel,tincho
jrcornel,tlester
jrcornel,tonyson4078
jrcornel,wreckognize
jrcornel,xinliu82
justtryme90,azurejasper
justtryme90,bullionaire
justtryme90,donkeypong
justtryme90,haerang2
justtryme90,jeezzle
justtryme90,kyriacos
justtryme90,razvanelulmarin
justtryme90,redhens
justtryme90,solarguy
justtryme90,team101
justtryme90,varunsangwan
kingscrown,aashishkandel
kingscrown,ace108
kingscrown,acidyo
kingscrown,akiyoshi
kingscrown,alfarisi
kingscrown,ali7119889
kingscrown,andu
kingscrown,arcange
kingscrown,ats
kingscrown,ausbitbank
kingscrown,automaton
kingscrown,azzurra92
kingscrown,barvon
kingscrown,berniesanders
kingscrown,bivins1
kingscrown,breakingtonight
kingscrown,buzzbeergeek
kingscrown,cassidyandfranks
kingscrown,choops
kingscrown,chrisaiki
kingscrown,chrisstigson
kingscrown,christoryan
kingscrown,clains
kingscrown,colloidy
kingscrown,cryptoctopus
kingscrown,cryptofunk
kingscrown,danielownsall
kingscrown,decentral
kingscrown,demotruk
kingscrown,dimarss
kingscrown,dll
kingscrown,doitvoluntarily
kingscrown,edekadam
kingscrown,edje
kingscrown,edubai
kingscrown,elishagautam
kingscrown,englishtchrivy
kingscrown,eric
kingscrown,ericvancewalton
kingscrown,felixxx
kingscrown,galactic123
kingscrown,gargon
kingscrown,gem777
kingscrown,gtg
kingscrown,haerang2
kingscrown,hagbardceline
kingscrown,happyphoenix
kingscrown,hellogelt83
kingscrown,hien
kingscrown,hilarski
kingscrown,hiroyamagishi
kingscrown,homeartpictures
kingscrown,homosapiens
kingscrown,jaki01
kingscrown,jawaida
kingscrown,kleryk200
kingscrown,konelectric
kingscrown,liatrissaga
kingscrown,liberian
kingscrown,liberty
kingscrown,life
kingscrown,mallorcaman
kingscrown,mammasitta
kingscrown,meesterboom
kingscrown,mrwalt
kingscrown,noisy
kingscrown,notoriousdjp
kingscrown,numpypython
kingscrown,paradise
kingscrown,peacekeeper
kingscrown,photowebgear
kingscrown,pillow
kingscrown,rahul
kingscrown,reinaldinho
kingscrown,rhino
kingscrown,roelandp
kingscrown,rvale88
kingscrown,sauravrungta
kingscrown,shayne
kingscrown,sidwrites
kingscrown,sluideain
kingscrown,steemcenterwiki
kingscrown,steemcollator
kingscrown,steemspoker
kingscrown,steemychicken1
kingscrown,surfermarly
kingscrown,surpriseattack
kingscrown,team101
kingscrown,thecryptofiend
kingscrown,timsaid
kingscrown,tofm2
kingscrown,tonyson4078
kingscrown,tothemoon
kingscrown,toxi
kingscrown,twitterbot
kingscrown,uwelang
kingscrown,webdeals
kingscrown,whatageek
kingscrown,wwamd
kingscrown,xinliu82
kingscrown,yogi
kingscrown,yuriks2000
kingscrown,zhanmusi
klye,aunt
klye,bacchist
klye,bleepcoin
klye,clayboyn
klye,emonandels
klye,felixxx
klye,fminerten1
klye,happyphoenix
klye,hien
klye,khanhsang
klye,liberosist
klye,lordvader
klye,matt
klye,matt123
klye,paolobeneforti
klye,rubenalexander
klye,shayne
klye,soushi888
klye,steevc
klye,tonyson4078
klye,xcynosure
klye,zekarde
kristinaljfom,kyriacos
kristinaljfom,lizanomadsoul
kyriacos,anarchyhasnogods
kyriacos,ats
kyriacos,donkeypong
kyriacos,hastla
kyriacos,ocrdu
kyriacos,old
kyriacos,razvanelulmarin
kyriacos,sighmanjestah
kyriacos,thecryptofiend
kyriacos,twitterbot
marius19,artem
marius19,cryptocash
marius19,thelightreports
marius19,tonyson4078
marius19,varunsangwan
marketreport,bitcoinsky
marketreport,brentwilbur
marketreport,cryptocash
marketreport,dasczecher
marketreport,dbsven
marketreport,digestingreality
marketreport,dividends
marketreport,dre
marketreport,henry
marketreport,mathworksheets
marketreport,natharinno
marketreport,ranchu7
marketreport,shippers
marketreport,silverbug2000
marketreport,smooths
marketreport,stemit2016rabbit
marketreport,truthmedia
marketreport,wwamd
marketreport,xinliu82
meesterboom,arcange
meesterboom,automaton
meesterboom,bart2305
meesterboom,berniesanders
meesterboom,brianadams
meesterboom,bullionaire
meesterboom,buzzbeergeek
meesterboom,chrisaiki
meesterboom,creatr
meesterboom,ddschteinn
meesterboom,dll
meesterboom,dreemit
meesterboom,dwinblood
meesterboom,eightyyroldself
meesterboom,englishtchrivy
meesterboom,exyle
meesterboom,freelibre369
meesterboom,gabrielmrpr
meesterboom,investmentfool
meesterboom,j
meesterboom,jedau
meesterboom,kafkanarchy84
meesterboom,karenb54
meesterboom,kus
meesterboom,liatrissaga
meesterboom,liberian
meesterboom,net
meesterboom,nin0000
meesterboom,old
meesterboom,onetree
meesterboom,pamfrench
meesterboom,playfulfoodie
meesterboom,rebeccaryan
meesterboom,scalextrix
meesterboom,schoolshout
meesterboom,silverbug
meesterboom,team101
meesterboom,trafalgar
meesterboom,wisbeech
mynameisbrian,ats
mynameisbrian,automaton
mynameisbrian,beltane
mynameisbrian,brianphobos
mynameisbrian,cryptocash
mynameisbrian,daisyd
mynameisbrian,dreamland
mynameisbrian,elementm
mynameisbrian,kingscrown
mynameisbrian,kyriacos
mynameisbrian,siketang
mynameisbrian,steevc
mynameisbrian,stellabelle
mynameisbrian,team101
nonameslefttouse,acidyo
nonameslefttouse,adamhole
nonameslefttouse,common
nonameslefttouse,creatr
nonameslefttouse,hanshotfirst
nonameslefttouse,kyriacos
nonameslefttouse,marxrab
nonameslefttouse,onetree
nonameslefttouse,opheliafu
nonameslefttouse,paolobeneforti
nonameslefttouse,pyrowngs
nonameslefttouse,redhens
nonameslefttouse,rynow
nonameslefttouse,sumsum
officialfuzzy,acidyo
officialfuzzy,ackza
officialfuzzy,adamcubbage
officialfuzzy,adroitful
officialfuzzy,alfarisi
officialfuzzy,arcange
officialfuzzy,azfix
officialfuzzy,balajis
officialfuzzy,beanz
officialfuzzy,bitchute
officialfuzzy,blackvapor
officialfuzzy,brackf2
officialfuzzy,bullionaire
officialfuzzy,buzzbeergeek
officialfuzzy,casualcash
officialfuzzy,chinadaily
officialfuzzy,choops
officialfuzzy,contentguy
officialfuzzy,cryptocash
officialfuzzy,dana
officialfuzzy,dawidrams
officialfuzzy,dimarss
officialfuzzy,dwinblood
officialfuzzy,emonandels
officialfuzzy,eric
officialfuzzy,fernwehninja
officialfuzzy,firesteem
officialfuzzy,fminerten1
officialfuzzy,frankbacon
officialfuzzy,fuzzyvest
officialfuzzy,gabrielmrpr
officialfuzzy,gliten
officialfuzzy,hastla
officialfuzzy,hellogelt83
officialfuzzy,homosymbion
officialfuzzy,huku
officialfuzzy,isteemit
officialfuzzy,jacobts
officialfuzzy,jamhuery
officialfuzzy,jeezzle
officialfuzzy,jrcornel
officialfuzzy,justinw
officialfuzzy,kingscrown
officialfuzzy,krishatnet
officialfuzzy,lazariko12
officialfuzzy,liberian
officialfuzzy,lingfei
officialfuzzy,margaretwise
officialfuzzy,mbusomeshackq
officialfuzzy,monsteroiids
officialfuzzy,myrevteam
officialfuzzy,nebcat
officialfuzzy,neoxian
officialfuzzy,newsjunkie
officialfuzzy,noisy
officialfuzzy,oyamurty
officialfuzzy,pgfilms
officialfuzzy,piranhax
officialfuzzy,pizhonchik
officialfuzzy,rdcglobal
officialfuzzy,realitycartoon
officialfuzzy,revostrike
officialfuzzy,richardcrill
officialfuzzy,riskdebonair
officialfuzzy,robyneggs
officialfuzzy,shaheer001
officialfuzzy,sirlunchthehost
officialfuzzy,sleepypanda
officialfuzzy,sneak
officialfuzzy,steemitqa
officialfuzzy,steemnews
officialfuzzy,steemspoker
officialfuzzy,stellabelle
officialfuzzy,team101
officialfuzzy,thealeczander
officialfuzzy,tonyson4078
officialfuzzy,twitterbot
officialfuzzy,v4vapid
officialfuzzy,virtualgrowth
officialfuzzy,webdeals
papa,aashishkandel
papa,clayboyn
papa,eirik
papa,fishjojo1
papa,ikilledcobain
papa,len
papa,nathanjones
papa,nepd
papa,noganoo
papa,okkiedot
papa,patelincho
papa,sammie
papa,snooway
papa,swolesome
papa,tee
papa,trevor
pressfortruth,artemisia
pressfortruth,be
pressfortruth,cryptobarry
pressfortruth,edmondchee
pressfortruth,intelliguy
pressfortruth,pitterpatter
pressfortruth,richardcrill
simplyrose,acwood
simplyrose,aggroed
simplyrose,azfix
simplyrose,ba531
simplyrose,blackwidow7
simplyrose,ilovedietcoke
simplyrose,jamhuery
simplyrose,littlewhale
simplyrose,lukestokes
simplyrose,mbrownvn
simplyrose,mprgrmmr
simplyrose,orlovacanin
simplyrose,ponimayu
simplyrose,r1979
simplyrose,redhens
simplyrose,saiku
sochul,breakingtonight
sochul,dubi
sochul,gotoperson
sochul,gtk610
sochul,kb720k
sochul,osmanbugra
sochul,ramengirl
sochul,sandstorm
sochul,seongbuk
sochul,starbrush
sochul,steemitpoem
sochul,v4vapid
steemcleaners,eric
steemcleaners,team101
surpassinggoogle,barrydutton
surpassinggoogle,ciz
surpassinggoogle,dreamland
surpassinggoogle,fyrstikken
surpassinggoogle,jacobts
surpassinggoogle,merej99
surpassinggoogle,oluwoleolaide
sweetsssj,abudar
sweetsssj,cryptobarry
sweetsssj,donkeypong
sweetsssj,gtg
sweetsssj,ianstrat
sweetsssj,jamhuery
sweetsssj,jlufer
sweetsssj,lost
sweetsssj,moon32walker
sweetsssj,razvanelulmarin
sweetsssj,rea
sweetsssj,sandstorm
sweetsssj,solarguy
sweetsssj,throughmyeyes
sweetsssj,variously
thecryptofiend,akiyoshi
thecryptofiend,brianphobos
thecryptofiend,ianstrat
thecryptofiend,jocra
thecryptofiend,justtryme90
thecryptofiend,kyriacos
thecryptofiend,liatrissaga
thecryptofiend,lordvader
thecryptofiend,louisjxn
thecryptofiend,mridu87
thecryptofiend,nano2nd
thecryptofiend,ontofractal
thecryptofiend,rea
thecryptofiend,schattenjaeger
thecryptofiend,shepdog
thecryptofiend,sigraves
thecryptofiend,sulev
thecryptofiend,tincho
thecryptofiend,toxi
thecryptofiend,uwelang
zappl,acidyo
zappl,blocklab
zappl,bryan
zappl,btcmillionaire
zappl,cm
zappl,darkwarshadow
zappl,exyle
zappl,jacobts
zappl,kevinwong
zappl,kyriacos
zappl,leanvix
zappl,lukestokes
zappl,maryfavour
zappl,shayne
zappl,steemitqa
zappl,twitterbot
zappl,virtualgrowth
